Date,Time,Weight
2/12/2015,6:00,158.4
2/13/2015,7:00,157.4
2/14/2015,9:00,155.4
2/15/2015,9:00,156.4
2/16/2015,6:15,156.8
2/17/2015,6:00,157.6
2/18/2015,6:00,158.0
2/19/2015,6:00,157.4
2/20/2015,7:00,157.8
2/21/2015,9:00,157.4
2/22/2015,9:00,157.4
2/23/2015,6:00,159.0
2/24/2015,6:00,158.8
2/25/2015,6:00,159.0
2/26/2015,6:00,157.7
2/27/2015,7:00,158.4
2/28/2015,9:30,157.4
3/1/2015,7:30,160.6
3/2/2015,6:00,157.6
3/3/2015,6:00,159.8
3/4/2015,6:00,159.2
3/5/2015,6:00,160.8
3/6/2015,7:00,160.6
3/7/2015,10:00,158.8
3/8/2015,10:30,158.2
3/9/2015,6:00,159.2
3/10/2015,6:15,159.2
3/11/2015,6:00,159.8
3/12/2015,6:00,160.0
3/13/2015,7:00,159.2
3/14/2015,8:45,160.4
3/15/2015,9:00,158.8
3/16/2015,6:00,158.4
3/17/2015,6:00,161.8
3/18/2015,6:00,160.2
3/19/2015,6:00,161.8
3/20/2015,7:00,160.4
3/21/2015,9:30,161.2
3/22/2015,9:00,162.4
3/23/2015,6:00,162.2
3/24/2015,6:00,162.4
3/25/2015,6:00,160.4
3/26/2015,6:00,160.8
3/27/2015,7:00,160.6
3/28/2015,8:00,159.8
3/29/2015,10:00,158.2
3/30/2015,6:00,160.8
3/31/2015,6:00,160.8
4/1/2015,6:00,160.4
4/2/2015,6:15,162.2
4/3/2015,7:00,161.2
4/4/2015,9:00,164.2
4/5/2015,8:30,163.8
4/6/2015,6:00,163.6
4/7/2015,6:00,163.2
4/8/2015,6:00,162.4
4/9/2015,6:00,161.8
4/10/2015,7:00,161.0
4/11/2015,9:00,161.4
4/12/2015,9:30,162.2
4/13/2015,6:00,161.8
4/14/2015,6:00,163.4
4/15/2015,6:00,162.6
4/16/2015,6:00,161.4
4/17/2015,7:00,163.0
4/18/2015,,163.0
4/19/2015,,161.4
4/20/2015,6:00,161.4
4/21/2015,6:00,163.4
4/22/2015,6:00,163.0
4/23/2015,6:00,161.8
4/24/2015,7:00,160.8
4/25/2015,9:30,159.8
4/26/2015,9:30,163.4
4/27/2015,6:00,163.4
4/28/2015,6:00,164.0
4/29/2015,6:00,162.2
4/30/2015,6:00,160.4
5/1/2015,7:00,161.4
5/2/2015,9:00,162.2
5/3/2015,6:30,163.0
5/4/2015,6:00,163.0
5/5/2015,6:00,164.8
5/6/2015,6:00,163.2
5/7/2015,7:30,162.4
5/8/2015,7:00,161.4
5/9/2015,7:00,161.2
5/10/2015,8:30,162.0
5/11/2015,8:00,161.0
5/12/2015,8:30,161.0
5/13/2015,7:00,160.2
5/14/2015,7:00,159.8
5/15/2015,7:00,161.2
5/16/2015,8:45,161.8
5/17/2015,6:30,163.0
5/18/2015,6:00,163.0
5/19/2015,10:00,162.2
5/20/2015,6:00,161.0
5/21/2015,6:00,162.2
5/22/2015,9:15,160.4
5/23/2015,9:15,160.2
5/24/2015,6:30,159.0
5/25/2015,9:15,160.2
5/26/2015,6:00,163.0
5/27/2015,6:00,163.0
5/28/2015,6:00,163.6
5/29/2015,7:00,163.0
5/30/2015,9:45,161.8
5/31/2015,9:15,162.4
6/1/2015,6:00,162.0
6/2/2015,5:45,163.0
6/3/2015,6:00,163.6
6/4/2015,6:00,162.4
6/5/2015,7:00,160.8
6/6/2015,,160.8
6/7/2015,,166.4
6/8/2015,6:00,166.4
6/9/2015,6:00,165.2
6/10/2015,6:00,162.8
6/11/2015,6:00,162.2
6/12/2015,7:00,162.8
6/13/2015,7:00,160.8
6/14/2015,,160.8
6/15/2015,6:00,164.0
6/16/2015,6:00,164.6
6/17/2015,6:00,162.4
6/18/2015,5:45,161.4
6/19/2015,8:30,162.2
6/20/2015,10:30,160.8
6/21/2015,6:30,161.4
6/22/2015,6:00,161.2
6/23/2015,6:00,162.8
6/24/2015,5:30,162.4
6/25/2015,6:00,162.6
6/26/2015,5:30,161.4
6/27/2015,9:45,159.2
6/28/2015,6:30,159.8
6/29/2015,6:00,158.8
6/30/2015,6:00,160.6
7/1/2015,6:00,160.8
7/2/2015,6:00,161.4
7/3/2015,8:00,159.8
7/4/2015,8:00,160.6
7/5/2015,6:30,160.2
7/6/2015,6:00,160.4
7/7/2015,6:00,161.2
7/8/2015,5:30,161.4
7/9/2015,6:00,160.4
7/10/2015,5:30,160.2
7/11/2015,9:00,159.4
7/12/2015,6:45,162.0
7/13/2015,6:00,159.2
7/14/2015,6:00,162.0
7/15/2015,6:00,160.0
7/16/2015,6:00,160.6
7/17/2015,7:00,159.8
7/18/2015,8:00,158.4
7/19/2015,9:30,157.4
7/20/2015,6:00,160.2
7/21/2015,6:00,161.4
7/22/2015,6:00,161.6
7/23/2015,6:00,160.8
7/24/2015,7:00,161.0
7/25/2015,9:15,159.2
7/26/2015,6:30,160.8
7/27/2015,6:00,159.4
7/28/2015,6:00,161.4
7/29/2015,6:00,160.4
7/30/2015,6:00,159.4
7/31/2015,,159.4
8/1/2015,,159.5
8/2/2015,,159.6
8/3/2015,8:00,159.6
8/4/2015,6:00,158.2
8/5/2015,7:10,157.6
8/6/2015,6:00,157.2
8/7/2015,5:30,157.0
8/8/2015,10:00,158.0
8/9/2015,10:30,159.2
8/10/2015,6:00,158.4
8/11/2015,6:00,159.2
8/12/2015,6:00,159.2
8/13/2015,5:30,157.0
8/14/2015,5:30,157.2
8/15/2015,8:45,157.4
8/16/2015,6:30,157.2
8/17/2015,6:00,157.0
8/18/2015,6:00,157.2
8/19/2015,6:00,158.0
8/20/2015,6:00,157.4
8/21/2015,7:00,157.8
8/22/2015,7:30,155.6
8/23/2015,,155.8
8/24/2015,,156.0
8/25/2015,,156.2
8/26/2015,,156.4
8/27/2015,,156.6
8/28/2015,,156.6
8/29/2015,,156.6
8/30/2015,6:30,156.6
8/31/2015,6:00,156.4
9/1/2015,6:00,158.4
9/2/2015,5:30,157.0
9/3/2015,5:45,157.0
9/4/2015,7:00,157.0
9/5/2015,9:00,154.4
9/6/2015,6:30,156.4
9/7/2015,10:00,158.4
9/8/2015,6:00,158.2
9/9/2015,6:00,157.4
9/10/2015,6:00,157.4
9/11/2015,7:00,157.2
9/12/2015,9:00,156.6
9/13/2015,6:30,160.0
9/14/2015,6:00,159.0
9/15/2015,6:00,158.4
9/16/2015,7:00,158.4
9/17/2015,6:00,157.6
9/18/2015,7:15,158.2
9/19/2015,8:45,157.6
9/20/2015,6:30,157.6
9/21/2015,6:00,157.6
9/22/2015,6:00,159.0
9/23/2015,6:00,158.0
9/24/2015,6:00,156.8
9/25/2015,5:45,154.8
9/26/2015,7:45,154.4
9/27/2015,9:45,156.2
9/28/2015,6:00,156.2
9/29/2015,6:00,156.4
9/30/2015,6:00,156.4
10/1/2015,6:00,156.4
10/2/2015,7:00,156.8
10/3/2015,9:00,155.8
10/4/2015,9:30,156.2
10/5/2015,6:00,156.6
10/6/2015,6:00,158.8
10/7/2015,6:00,157.0
10/8/2015,7:00,157.0
10/9/2015,7:00,156.4
10/10/2015,9:15,156.0
10/11/2015,,156.2
10/12/2015,6:00,156.4
10/13/2015,6:00,155.8
10/14/2015,6:00,155.8
10/15/2015,7:00,154.8
10/16/2015,7:00,156.4
10/17/2015,8:45,155.8
10/18/2015,8:00,153.8
10/19/2015,6:00,154.4
10/20/2015,6:00,156.6
10/21/2015,6:00,156.4
10/22/2015,6:30,153.6
10/23/2015,7:00,155.0
10/24/2015,9:30,155.0
10/25/2015,8:00,157.2
10/26/2015,6:00,155.4
10/27/2015,6:00,155.8
10/28/2015,6:00,156.4
10/29/2015,6:45,155.4
10/30/2015,8:45,155.0
10/31/2015,,155.0
11/1/2015,,155.0
11/2/2015,,154.8
11/3/2015,,154.6
11/4/2015,,154.4
11/5/2015,6:00,154.2
11/6/2015,7:00,156.4
11/7/2015,8:00,154.2
11/8/2015,8:45,155.2
11/9/2015,6:00,153.2
11/10/2015,6:00,153.4
11/11/2015,6:00,155.0
11/12/2015,6:00,154.6
11/13/2015,7:00,154.0
11/14/2015,8:15,154.6
11/15/2015,8:00,153.8
11/16/2015,6:00,152.8
11/17/2015,6:00,154.2
11/18/2015,,154.2
11/19/2015,,154.2
11/20/2015,7:00,154.2
11/21/2015,8:15,154.2
11/22/2015,9:15,155.4
11/23/2015,6:00,155.8
11/24/2015,6:00,155.8
11/25/2015,6:00,157.2
11/26/2015,9:15,155.6
11/27/2015,9:00,155.4
11/28/2015,8:00,156.4
11/29/2015,8:00,156.6
11/30/2015,6:00,156.0
12/1/2015,6:00,156.0
12/2/2015,6:00,157.2
12/3/2015,6:00,157.6
12/4/2015,7:00,157.6
12/5/2015,8:30,158.4
12/6/2015,8:15,157.0
12/7/2015,6:00,157.8
12/8/2015,6:00,157.8
12/9/2015,6:00,157.0
12/10/2015,7:00,156.0
12/11/2015,7:00,157.2
12/12/2015,9:30,158.4
12/13/2015,9:00,158.2
12/14/2015,6:00,157.6
12/15/2015,6:00,158.8
12/16/2015,6:00,159.4
12/17/2015,6:00,158.0
12/18/2015,7:30,158.6
12/19/2015,8:30,157.4
12/20/2015,8:00,157.2
12/21/2015,6:00,159.0
12/22/2015,6:00,159.4
12/23/2015,7:00,159.2
12/24/2015,8:00,159.0
12/25/2015,,158.7
12/26/2015,9:00,158.4
12/27/2015,9:00,159.2
12/28/2015,6:00,158.4
12/29/2015,6:00,158.0
12/30/2015,6:00,158.8
12/31/2015,8:45,158.6
1/1/2016,9:15,159.2
1/2/2016,8:30,159.2
1/3/2016,10:30,158.4
1/4/2016,6:00,157.4
1/5/2016,6:00,157.6
1/6/2016,6:00,158.8
1/7/2016,6:15,158.8
1/8/2016,7:00,158.8
1/9/2016,9:15,158.0
1/10/2016,9:00,157.8
1/11/2016,6:00,157.4
1/12/2016,6:00,158.6
1/13/2016,6:00,159.2
1/14/2016,6:00,160.0
1/15/2016,7:00,160.6
1/16/2016,9:00,158.2
1/17/2016,9:15,159.2
1/18/2016,6:00,160.0
1/19/2016,6:00,161.0
1/20/2016,6:00,160.8
1/21/2016,6:00,160.2
1/22/2016,7:00,159.0
1/23/2016,9:30,158.8
1/24/2016,8:45,159.8
1/25/2016,6:00,160.0
1/26/2016,6:00,161.0
1/27/2016,6:00,160.2
1/28/2016,6:00,160.6
1/29/2016,7:00,160.0
1/30/2016,7:30,158.2
1/31/2016,8:30,160.0
2/1/2016,6:00,160.6
2/2/2016,6:00,161.8
2/3/2016,6:00,163.8
2/4/2016,6:00,163.0
2/5/2016,7:00,162.2
2/6/2016,,162.2
2/7/2016,,162.2
2/8/2016,6:00,162.2
2/9/2016,6:00,161.6
2/10/2016,6:00,161.8
2/11/2016,8:30,158.6
2/12/2016,7:00,157.8
2/13/2016,7:30,158.0
2/14/2016,8:00,157.6
2/15/2016,6:00,158.8
2/16/2016,6:00,159.6
2/17/2016,6:00,158.6
2/18/2016,6:00,158.4
2/19/2016,7:00,159.2
2/20/2016,8:00,158.8
2/21/2016,8:00,159.8
2/22/2016,,159.8
2/23/2016,,159.7
2/24/2016,,159.7
2/25/2016,,159.6
2/26/2016,,159.6
2/27/2016,8:30,159.6
2/28/2016,8:30,159.0
2/29/2016,6:00,159.8
3/1/2016,6:00,159.6
3/2/2016,6:00,159.2
3/3/2016,6:00,159.6
3/4/2016,6:45,160.8
3/5/2016,8:45,159.4
3/6/2016,8:45,160.2
3/7/2016,6:00,161.4
3/8/2016,6:00,161.2
3/9/2016,6:00,161.6
3/10/2016,6:00,161.6
3/11/2016,7:00,161.2
3/12/2016,8:45,158.6
3/13/2016,6:45,161.8
3/14/2016,,162.2
3/15/2016,,163.0
3/16/2016,6:00,163.8
3/17/2016,6:00,159.4
3/18/2016,7:00,161.0
3/19/2016,9:00,161.2
3/20/2016,6:00,161.6
3/21/2016,6:00,161.6
3/22/2016,6:00,162.0
3/23/2016,6:00,162.8
3/24/2016,7:00,162.2
3/25/2016,7:30,159.4
3/26/2016,8:00,161.4
3/27/2016,6:00,162.4
3/28/2016,4:50,162.6
3/29/2016,,162.0
3/30/2016,,161.2
3/31/2016,6:00,160.2
4/1/2016,7:00,159.4
4/2/2016,8:00,157.8
4/3/2016,9:00,156.8
4/4/2016,6:00,157.6
4/5/2016,6:00,157.6
4/6/2016,6:00,158.4
4/7/2016,6:00,158.2
4/8/2016,7:00,156.0
4/9/2016,7:30,155.6
4/10/2016,10:00,158.2
4/11/2016,6:00,160.2
4/12/2016,6:00,160.0
4/13/2016,6:00,157.6
4/14/2016,6:00,157.4
4/15/2016,7:00,159.0
4/16/2016,8:30,156.6
4/17/2016,,157.6
4/18/2016,6:00,158.6
4/19/2016,6:00,158.2
4/20/2016,6:00,159.2
4/21/2016,6:00,158.8
4/22/2016,7:00,159.4
4/23/2016,6:45,156.8
4/24/2016,7:30,158.8
4/25/2016,6:00,159.6
4/26/2016,6:00,157.8
4/27/2016,6:00,160.4
4/28/2016,6:00,159.2
4/29/2016,7:00,159.0
4/30/2016,7:00,158.8
5/1/2016,6:30,159.0
5/2/2016,6:00,157.2
5/3/2016,6:00,158.2
5/4/2016,6:00,157.0
5/5/2016,6:00,158.2
5/6/2016,7:00,157.8
5/7/2016,8:00,156.8
5/8/2016,,157.3
5/9/2016,6:00,157.8
5/10/2016,6:00,157.2
5/11/2016,6:00,157.0
5/12/2016,6:00,158.6
5/13/2016,8:00,156.6
5/14/2016,,156.7
5/15/2016,,156.8
5/16/2016,,156.9
5/17/2016,,157.1
5/18/2016,,157.2
5/19/2016,,157.3
5/20/2016,,157.4
5/21/2016,,157.5
5/22/2016,6:30,157.6
5/23/2016,6:00,156.0
5/24/2016,6:00,156.2
5/25/2016,6:00,155.4
5/26/2016,6:00,156.0
5/27/2016,8:00,154.6
5/28/2016,8:00,152.8
5/29/2016,8:00,155.8
5/30/2016,7:30,155.6
5/31/2016,6:00,155.6
6/1/2016,7:30,155.6
6/2/2016,6:00,154.4
6/3/2016,7:00,154.2
6/4/2016,8:30,155.0
6/5/2016,6:30,155.0
6/6/2016,6:30,155.4
6/7/2016,6:00,156.0
6/8/2016,6:00,154.2
6/9/2016,6:00,153.6
6/10/2016,6:45,153.4
6/11/2016,8:45,152.4
6/12/2016,6:20,154.6
6/13/2016,6:00,155.8
6/14/2016,6:00,156.4
6/15/2016,6:00,152.8
6/16/2016,6:00,153.6
6/17/2016,7:00,154.0
6/18/2016,7:30,153.8
6/19/2016,6:20,154.2
6/20/2016,6:00,152.8
6/21/2016,6:00,154.8
6/22/2016,6:00,154.2
6/23/2016,6:00,155.4
6/24/2016,7:00,156.2
6/25/2016,7:15,153.0
6/26/2016,9:00,155.4
6/27/2016,6:00,155.4
6/28/2016,6:00,156.2
6/29/2016,6:00,156.6
6/30/2016,6:00,155.4
7/1/2016,7:00,154.4
7/2/2016,8:00,155.6
7/3/2016,6:20,156.6
7/4/2016,7:45,156.6
7/5/2016,6:00,156.6
7/6/2016,6:00,156.0
7/7/2016,6:00,154.8
7/8/2016,7:00,155.8
7/9/2016,8:00,154.8
7/10/2016,7:00,155.4
7/11/2016,6:00,154.6
7/12/2016,6:00,154.8
7/13/2016,6:00,153.6
7/14/2016,6:00,154.4
7/15/2016,7:00,153.6
7/16/2016,8:00,153.6
7/17/2016,6:30,156.6
7/18/2016,6:00,155.2
7/19/2016,6:00,156.2
7/20/2016,6:00,155.2
7/21/2016,6:00,154.8
7/22/2016,7:00,155.0
7/23/2016,7:45,154.4
7/24/2016,6:30,155.0
7/25/2016,6:00,155.6
7/26/2016,6:00,156.2
7/27/2016,6:00,155.2
7/28/2016,7:00,155.8
7/29/2016,7:00,154.2
7/30/2016,8:00,154.4
7/31/2016,6:30,155.4
8/1/2016,6:00,154.4
8/2/2016,6:00,153.4
8/3/2016,6:00,154.6
8/4/2016,6:00,155.6
8/5/2016,,156.0
8/6/2016,,156.5
8/7/2016,,157.0
8/8/2016,6:00,157.3
8/9/2016,6:00,155.0
8/10/2016,6:00,156.0
8/11/2016,6:00,153.2
8/12/2016,7:00,154.2
8/13/2016,8:30,153.6
8/14/2016,6:30,153.4
8/15/2016,6:00,153.4
8/16/2016,6:00,154.0
8/17/2016,6:00,153.0
8/18/2016,6:30,152.4
8/19/2016,6:30,153.4
8/20/2016,8:30,153.4
8/21/2016,6:30,153.0
8/22/2016,6:00,153.0
8/23/2016,6:00,153.4
8/24/2016,6:00,152.6
8/25/2016,6:00,152.0
8/26/2016,6:00,153.4
8/27/2016,8:00,153.2
8/28/2016,6:30,152.0
8/29/2016,6:00,151.4
8/30/2016,7:30,151.6
8/31/2016,7:30,151.8
9/1/2016,7:15,151.6
9/2/2016,6:15,152.4
9/3/2016,8:00,151.8
9/4/2016,6:30,152.2
9/5/2016,8:30,152.2
9/6/2016,6:00,152.8
9/7/2016,6:00,152.2
9/8/2016,6:00,152.4
9/9/2016,7:00,152.8
9/10/2016,8:00,151.0
9/11/2016,6:45,153.4
9/12/2016,6:00,152.0
9/13/2016,6:00,152.2
9/14/2016,6:00,152.2
9/15/2016,6:00,151.4
9/16/2016,7:00,152.2
9/17/2016,7:30,151.8
9/18/2016,6:30,152.0
9/19/2016,6:00,151.4
9/20/2016,6:00,151.0
9/21/2016,6:00,151.6
9/22/2016,6:00,150.6
9/23/2016,7:00,151.0
9/24/2016,6:30,151.0
9/25/2016,7:30,151.0
9/26/2016,6:00,151.6
9/27/2016,6:00,150.8
9/28/2016,6:00,151.4
9/29/2016,6:00,150.4
9/30/2016,7:00,149.0
10/1/2016,7:45,150.2
10/2/2016,8:00,150.2
10/3/2016,6:00,150.4
10/4/2016,6:00,151.0
10/5/2016,6:00,151.4
10/6/2016,6:00,150.2
10/7/2016,7:00,151.0
10/8/2016,8:00,150.2
10/9/2016,7:00,150.0
10/10/2016,6:00,151.8
10/11/2016,6:00,152.4
10/12/2016,6:00,150.8
10/13/2016,6:00,151.2
10/14/2016,7:00,151.4
10/15/2016,6:45,150.2
10/16/2016,8:00,150.6
10/17/2016,6:00,150.8
10/18/2016,6:00,152.0
10/19/2016,6:00,152.2
10/20/2016,6:00,152.2
10/21/2016,,151.8
10/22/2016,,151.6
10/23/2016,,151.4
10/24/2016,,151.2
10/25/2016,6:00,150.8
10/26/2016,6:00,149.8
10/27/2016,6:00,150.0
10/28/2016,7:00,151.0
10/29/2016,7:45,151.0
10/30/2016,8:00,153.0
10/31/2016,6:00,151.8
11/1/2016,6:00,152.2
11/2/2016,6:00,151.8
11/3/2016,6:00,150.0
11/4/2016,7:00,152.2
11/5/2016,7:30,153.0
11/6/2016,6:00,153.8
11/7/2016,6:00,152.8
11/8/2016,6:00,153.4
11/9/2016,6:00,153.0
11/10/2016,6:00,152.4
11/11/2016,7:00,152.8
11/12/2016,6:30,151.0
11/13/2016,7:00,151.6
11/14/2016,6:00,151.2
11/15/2016,6:00,152.0
11/16/2016,6:00,153.0
11/17/2016,6:00,152.6
11/18/2016,7:00,152.8
11/19/2016,,153.6
11/20/2016,,154.2
11/21/2016,6:00,154.6
11/22/2016,6:00,153.8
11/23/2016,7:30,153.0
11/24/2016,6:30,152.8
11/25/2016,7:45,155.6
11/26/2016,7:45,154.8
11/27/2016,8:00,155.6
11/28/2016,6:00,153.8
11/29/2016,6:00,153.0
11/30/2016,6:00,154.6
12/1/2016,6:00,153.2
12/2/2016,7:00,153.0
12/3/2016,7:30,152.4
12/4/2016,6:30,153.0
12/5/2016,6:00,153.4
12/6/2016,6:00,153.6
12/7/2016,4:45,154.4
12/8/2016,6:00,153.0
12/9/2016,7:00,152.6
12/10/2016,6:30,152.6
12/11/2016,7:00,152.6
12/12/2016,6:00,154.4
12/13/2016,6:00,154.2
12/14/2016,6:00,154.2
12/15/2016,6:00,153.6
12/16/2016,7:15,153.0
12/17/2016,7:15,152.4
12/18/2016,7:15,155.0
12/19/2016,6:00,154.6
12/20/2016,6:00,154.0
12/21/2016,6:00,155.4
12/22/2016,6:00,155.0
12/23/2016,7:30,154.4
12/24/2016,6:45,154.8
12/25/2016,7:30,156.6
12/26/2016,7:30,156.6
12/27/2016,7:15,155.4
12/28/2016,7:45,154.6
12/29/2016,8:15,155.8
12/30/2016,8:30,157.2
12/31/2016,8:00,156.6
1/1/2017,8:30,158.6
1/2/2017,8:30,157.2
1/3/2017,6:00,157.2
1/4/2017,6:00,158.2
1/5/2017,6:00,157.4
1/7/2017,7:30,155.0
1/8/2017,7:30,155.2
1/9/2017,6:00,156.0
1/10/2017,6:00,157.6
1/11/2017,6:00,157.4
1/12/2017,6:00,156.4
1/13/2017,6:30,155.6
1/14/2017,7:15,154.8
1/15/2017,7:30,155.0
1/16/2017,6:00,157.4
1/17/2017,6:00,157.8
1/18/2017,6:00,158.4
1/19/2017,5:20,157.8
1/20/2017,8:00,156.6
1/21/2017,7:00,156.8
1/22/2017,9:00,157.8
1/23/2017,6:00,156.6
1/24/2017,6:00,157.4
1/25/2017,6:00,157.0
1/26/2017,6:00,157.2
1/27/2017,7:00,158.0
1/28/2017,7:45,156.4
1/29/2017,8:00,157.4
1/30/2017,6:00,158.4
1/31/2017,6:00,157.2
2/1/2017,6:00,157.2
2/2/2017,7:00,156.8
2/3/2017,7:00,156.0
2/4/2017,7:15,156.6
2/5/2017,7:45,155.8
2/6/2017,6:00,159.0
2/7/2017,6:00,157.8
2/8/2017,6:00,157.8
2/9/2017,6:00,157.4
2/10/2017,7:30,157.6
2/11/2017,8:00,157.0
2/12/2017,8:15,158.4
2/13/2017,6:00,159.2
2/14/2017,6:00,158.8
2/15/2017,6:00,159.2
2/16/2017,6:00,158.0
2/17/2017,7:00,157.6
2/18/2017,7:30,156.0
2/19/2017,7:15,157.2
2/20/2017,6:00,157.8
2/21/2017,6:00,158.0
2/22/2017,6:00,158.4
2/23/2017,6:00,157.2
2/24/2017,7:00,156.2
2/25/2017,,157.0
2/26/2017,,157.8
2/27/2017,6:00,158.6
2/28/2017,6:00,158.8
3/1/2017,6:00,157.2
3/2/2017,6:00,156.4
3/3/2017,7:00,156.4
3/4/2017,7:30,156.4
3/5/2017,7:00,158.2
3/6/2017,6:00,157.4
3/7/2017,6:00,158.2
3/8/2017,6:00,157.4
3/9/2017,6:00,156.6
3/10/2017,7:00,156.4
3/11/2017,8:00,155.0
3/12/2017,7:30,157.0
3/13/2017,6:00,156.2
3/14/2017,6:00,156.8
3/15/2017,6:00,156.2
3/16/2017,6:00,155.4
3/17/2017,7:00,156.6
3/19/2017,7:00,155.4
3/20/2017,6:00,155.6
3/21/2017,6:00,158.0
3/22/2017,6:00,157.2
3/23/2017,6:00,155.6
3/24/2017,7:00,156.6
3/25/2017,7:00,153.2
3/26/2017,7:00,155.6
3/27/2017,6:00,155.6
3/28/2017,6:00,156.8
3/29/2017,6:00,155.6
3/30/2017,6:00,156.0
3/31/2017,7:00,155.4
4/1/2017,6:30,154.4
4/2/2017,,154.8
4/3/2017,6:00,155.2
4/4/2017,6:00,156.2
4/5/2017,6:00,155.8
4/6/2017,6:00,154.8
4/7/2017,7:00,155.2
4/8/2017,7:00,153.8
4/9/2017,6:15,155.6
4/10/2017,6:00,155.6
4/11/2017,6:00,157.4
4/12/2017,6:00,155.4
4/13/2017,6:00,155.2
4/14/2017,6:45,155.2
4/15/2017,7:00,154.8
4/16/2017,7:00,155.4
4/17/2017,,155.2
4/18/2017,,154.9
4/19/2017,,154.7
4/20/2017,,154.5
4/21/2017,,154.2
4/22/2017,,154.0
4/23/2017,,153.8
4/24/2017,,153.5
4/25/2017,,153.3
4/26/2017,,153.1
4/27/2017,,152.8
4/28/2017,,152.6
4/29/2017,6:30,152.6
4/30/2017,7:00,153.0
5/1/2017,6:00,154.6
5/2/2017,6:00,155.4
5/3/2017,6:00,154.6
5/4/2017,6:00,153.8
5/5/2017,7:15,153.8
5/6/2017,6:45,154.8
5/7/2017,7:15,156.0
5/8/2017,6:00,155.0
5/9/2017,6:00,154.0
5/10/2017,6:00,154.2
5/11/2017,6:00,153.8
5/12/2017,7:30,152.6
5/13/2017,6:30,152.0
5/14/2017,7:00,154.6
5/15/2017,,154.6
5/16/2017,,154.6
5/17/2017,,154.6
5/18/2017,,154.8
5/19/2017,,154.8
5/20/2017,7:00,154.8
5/21/2017,6:30,153.4
5/22/2017,6:00,156.4
5/23/2017,6:00,156.2
5/24/2017,6:00,154.6
5/25/2017,6:00,152.4
5/26/2017,,153.0
5/27/2017,,153.6
5/28/2017,7:00,154.0
5/29/2017,7:30,156.2
5/30/2017,6:00,155.4
5/31/2017,6:00,155.0
6/1/2017,6:00,155.2
6/2/2017,7:00,154.4
6/3/2017,7:15,153.8
6/4/2017,7:15,156.6
6/5/2017,6:00,156.6
6/6/2017,6:00,156.6
6/7/2017,6:00,155.0
6/8/2017,,155.4
6/9/2017,,156.0
6/10/2017,,156.4
6/11/2017,,156.8
6/12/2017,6:00,157.0
6/13/2017,6:30,156.2
6/14/2017,6:00,156.0
6/15/2017,6:00,155.4
6/16/2017,6:15,154.4
6/17/2017,6:45,153.0
6/18/2017,7:15,157.0
6/19/2017,6:00,155.0
6/20/2017,6:00,156.6
6/21/2017,6:00,155.4
6/22/2017,6:00,155.2
6/23/2017,7:00,153.6
6/24/2017,6:30,153.8
6/25/2017,7:30,155.0
6/26/2017,6:00,155.2
6/27/2017,6:00,156.6
6/28/2017,6:00,155.6
6/29/2017,6:00,155.0
6/30/2017,7:00,153.6
7/1/2017,5:30,153.2
7/2/2017,7:45,156.4
7/3/2017,6:30,155.2
7/4/2017,6:30,155.0
7/5/2017,6:00,155.8
7/6/2017,6:00,155.4
7/7/2017,7:00,153.4
7/8/2017,5:30,154.4
7/9/2017,,155.7
7/10/2017,6:00,157.0
7/11/2017,6:00,155.4
7/12/2017,6:00,154.0
7/13/2017,6:00,152.2
7/14/2017,6:30,153.2
7/15/2017,6:45,153.4
7/16/2017,6:30,155.8
7/17/2017,6:00,155.4
7/18/2017,6:00,156.0
7/19/2017,6:00,153.0
7/20/2017,6:00,152.6
7/21/2017,6:45,152.6
7/22/2017,7:30,152.2
7/23/2017,7:45,154.4
7/24/2017,6:00,155.0
7/25/2017,6:00,158.2
7/26/2017,6:00,156.6
7/27/2017,6:00,154.2
7/28/2017,7:30,153.8
7/29/2017,,154.2
7/30/2017,7:45,154.6
7/31/2017,6:00,154.8
8/1/2017,6:00,156.0
8/2/2017,6:00,153.4
8/3/2017,6:00,153.4
8/4/2017,6:30,154.4
8/5/2017,6:30,153.6
8/6/2017,6:00,155.4
8/7/2017,6:00,155.0
8/8/2017,6:00,156.2
8/9/2017,6:00,153.2
8/10/2017,6:00,153.2
8/11/2017,6:30,152.8
8/12/2017,6:45,151.2
8/13/2017,,153.5
8/14/2017,6:00,155.8
8/15/2017,6:00,154.2
8/16/2017,6:00,152.4
8/17/2017,6:00,152.4
8/18/2017,7:00,152.2
8/19/2017,6:30,152.4
8/20/2017,9:15,155.4
8/21/2017,6:00,153.6
8/22/2017,6:00,155.6
8/23/2017,6:00,153.8
8/24/2017,6:00,152.8
8/25/2017,7:00,154.6
8/26/2017,5:45,153.2
8/27/2017,7:00,155.0
8/28/2017,6:00,153.6
8/29/2017,6:00,154.2
8/30/2017,6:00,153.6
8/31/2017,6:00,151.2
9/1/2017,5:30,152.2
9/2/2017,6:30,151.0
9/3/2017,6:30,151.6
9/4/2017,7:45,155.2
9/5/2017,6:00,153.6
9/6/2017,6:00,152.4
9/7/2017,6:00,151.4
9/8/2017,5:45,151.4
9/9/2017,6:30,150.8
9/10/2017,8:00,153.4
9/11/2017,6:00,153.4
9/12/2017,6:00,154.0
9/13/2017,6:00,153.4
9/14/2017,6:15,153.0
9/15/2017,7:15,154.8
9/16/2017,7:15,155.6
9/17/2017,5:15,158.4
9/18/2017,6:00,155.6
9/19/2017,6:00,156.6
9/20/2017,6:00,153.8
9/21/2017,6:00,152.8
9/22/2017,7:00,153.6
9/23/2017,6:30,151.0
9/24/2017,6:30,153.0
9/25/2017,,153.6
9/26/2017,,154.0
9/27/2017,,154.6
9/28/2017,,155.2
9/29/2017,,155.4
9/30/2017,6:30,155.8
10/1/2017,6:30,156.0
10/2/2017,6:00,155.4
10/3/2017,6:00,153.8
10/4/2017,6:00,153.8
10/5/2017,6:00,154.4
10/6/2017,7:00,154.0
10/7/2017,7:30,153.0
10/8/2017,7:30,153.2
10/9/2017,6:00,153.4
10/10/2017,6:00,154.2
10/11/2017,6:00,154.4
10/12/2017,6:00,152.6
10/13/2017,6:30,152.6
10/14/2017,,153.0
10/15/2017,,153.4
10/16/2017,,153.8
10/17/2017,,154.2
10/18/2017,,154.6
10/19/2017,,155.0
10/20/2017,,155.4
10/21/2017,,155.6
10/22/2017,10:30,155.8
10/23/2017,6:00,155.8
10/24/2017,6:00,155.4
10/25/2017,6:00,155.0
10/26/2017,6:00,155.0
10/27/2017,7:00,153.8
10/28/2017,7:30,154.4
10/29/2017,6:30,156.0
10/30/2017,6:00,155.6
10/31/2017,6:00,155.4
11/1/2017,6:00,155.2
11/2/2017,6:00,155.0
11/3/2017,6:30,153.2
11/4/2017,7:15,155.2
11/5/2017,6:30,156.2
11/6/2017,6:00,156.8
11/7/2017,6:00,156.8
11/8/2017,6:00,155.0
11/9/2017,6:00,155.0
11/10/2017,7:00,155.8
11/11/2017,7:00,156.4
11/12/2017,7:00,156.4
11/13/2017,6:00,156.8
11/14/2017,6:00,157.2
11/15/2017,6:00,156.2
11/16/2017,6:00,155.2
11/17/2017,7:00,154.0
11/18/2017,7:00,154.4
11/19/2017,6:30,154.8
11/20/2017,6:00,157.0
11/21/2017,6:00,156.4
11/22/2017,6:00,156.0
11/23/2017,7:00,154.4
11/24/2017,7:00,155.4
11/25/2017,6:45,156.0
11/26/2017,7:00,159.2
11/27/2017,6:00,157.4
11/28/2017,6:00,156.4
11/29/2017,6:00,155.2
11/30/2017,6:00,155.2
12/1/2017,6:15,156.2
12/2/2017,7:30,156.4
12/3/2017,7:15,157.8
12/4/2017,6:00,156.4
12/5/2017,6:00,157.2
12/6/2017,5:30,156.6
12/7/2017,6:00,155.4
12/8/2017,6:30,155.0
12/9/2017,6:15,154.4
12/10/2017,7:30,154.4
12/11/2017,6:00,155.2
12/12/2017,6:00,155.0
12/13/2017,5:20,154.8
12/14/2017,6:00,153.8
12/15/2017,7:00,154.2
12/16/2017,6:45,152.6
12/17/2017,6:30,154.4
12/18/2017,6:00,153.6
12/19/2017,6:00,154.6
12/20/2017,5:20,155.4
12/21/2017,6:00,153.2
12/22/2017,6:45,153.2
12/23/2017,7:00,154.6
12/24/2017,6:45,157.4
12/25/2017,7:30,159.2
12/26/2017,7:45,158.4
12/27/2017,5:20,158.8
12/28/2017,7:15,156.2
12/29/2017,7:15,156.2
12/30/2017,6:30,156.8
12/31/2017,7:00,156.4
1/1/2018,8:30,157.0
1/2/2018,6:00,157.0
1/3/2018,5:20,156.6
1/4/2018,6:00,155.6
1/5/2018,6:50,155.8
1/6/2018,6:45,155.8
1/7/2018,7:15,157.6
1/8/2018,6:00,157.6
1/9/2018,4:45,158.2
1/10/2018,5:20,157.2
1/11/2018,6:00,156.2
1/12/2018,7:00,156.6
1/13/2018,5:40,157.0
1/14/2018,7:00,158.2
1/15/2018,6:00,159.2
1/16/2018,4:45,157.6
1/17/2018,5:20,157.8
1/18/2018,6:00,157.2
1/19/2018,7:00,157.0
1/20/2018,5:40,158.0
1/21/2018,7:15,156.0
1/22/2018,6:00,157.2
1/23/2018,4:45,157.6
1/24/2018,5:20,157.6
1/25/2018,6:00,157.0
1/26/2018,7:00,156.2
1/27/2018,5:40,156.2
1/28/2018,6:45,158.6
1/29/2018,6:00,158.2
1/30/2018,4:45,157.4
1/31/2018,5:20,157.2
2/1/2018,6:00,155.6
2/2/2018,6:30,157.4
2/3/2018,5:40,157.4
2/4/2018,7:00,156.8
2/5/2018,6:00,157.4
2/6/2018,4:45,157.6
2/7/2018,5:20,156.2
2/8/2018,6:00,155.4
2/9/2018,7:00,154.4
2/10/2018,5:15,157.2
2/11/2018,6:45,156.6
2/12/2018,6:00,157.4
2/13/2018,4:45,156.4
2/14/2018,5:20,156.0
2/15/2018,6:00,156.2
2/16/2018,6:45,155.2
2/17/2018,5:40,155.2
2/18/2018,6:45,155.6
2/19/2018,6:00,154.8
2/20/2018,6:00,154.4
2/21/2018,5:20,155.0
2/22/2018,6:00,155.6
2/23/2018,7:00,154.4
2/24/2018,5:30,155.6
2/25/2018,6:00,157.4
2/26/2018,6:00,156.8
2/27/2018,4:45,155.6
2/28/2018,5:20,155.8
3/1/2018,6:00,155.0
3/2/2018,5:30,155.2
3/3/2018,5:30,155.0
3/4/2018,7:00,154.6
3/5/2018,6:00,154.2
3/6/2018,4:45,154.8
3/7/2018,5:20,154.6
3/8/2018,6:00,155.2
3/9/2018,7:00,154.4
3/10/2018,6:00,153.6
3/11/2018,7:00,154.6
3/12/2018,6:00,154.2
3/13/2018,6:00,153.0
3/14/2018,6:00,153.4
3/15/2018,4:45,154.2
3/16/2018,7:00,152.4
3/17/2018,5:30,154.6
3/18/2018,7:00,153.6
3/19/2018,6:00,153.6
3/20/2018,4:45,154.2
3/21/2018,7:00,151.6
3/22/2018,4:45,152.6
3/23/2018,7:00,150.8
3/24/2018,,151.8
3/25/2018,,152.8
3/26/2018,6:00,153.8
3/27/2018,5:00,152.8
3/28/2018,6:00,152.4
3/29/2018,4:45,154.4
3/30/2018,7:00,151.8
3/31/2018,5:30,151.4
4/1/2018,7:00,153.4
4/2/2018,6:00,154.8
4/3/2018,4:45,153.2
4/4/2018,5:20,152.4
4/5/2018,4:45,152.2
4/6/2018,7:00,152.4
4/7/2018,5:30,154.0
4/8/2018,7:00,154.0
4/9/2018,6:00,153.0
4/10/2018,4:45,152.8
4/11/2018,5:20,152.2
4/12/2018,4:45,153.4
4/13/2018,6:00,151.0
4/14/2018,5:15,150.0
4/15/2018,6:45,154.8
4/16/2018,6:00,155.4
4/17/2018,4:45,153.8
4/18/2018,6:00,153.8
4/19/2018,,154.2
4/20/2018,,154.6
4/21/2018,,155.0
4/22/2018,,155.4
4/23/2018,,155.8
4/24/2018,,156.0
4/25/2018,,156.4
4/26/2018,,156.8
4/27/2018,,157.2
4/28/2018,6:30,157.2
4/29/2018,7:30,156.4
4/30/2018,6:00,155.2
5/1/2018,4:45,153.4
5/2/2018,5:55,153.2
5/3/2018,4:45,153.2
5/4/2018,7:00,153.0
5/5/2018,6:20,156.8
5/6/2018,6:30,156.4
5/7/2018,6:00,157.8
5/8/2018,4:45,157.4
5/9/2018,6:00,155.4
5/10/2018,4:45,155.4
5/11/2018,7:00,153.2
5/12/2018,7:00,154.2
5/13/2018,7:00,155.4
5/14/2018,6:00,155.2
5/15/2018,4:45,153.0
5/16/2018,6:00,153.8
5/17/2018,6:00,154.2
5/18/2018,7:00,152.6
5/19/2018,6:20,153.6
5/20/2018,5:00,154.0
5/21/2018,5:50,155.2
5/22/2018,6:00,156.2
5/23/2018,5:50,154.8
5/24/2018,6:00,154.8
5/25/2018,7:00,154.8
5/26/2018,6:00,154.0
5/27/2018,6:30,154.0
5/28/2018,6:00,156.0
5/29/2018,6:00,156.2
5/30/2018,6:00,155.2
5/31/2018,6:00,156.0
6/1/2018,7:00,153.2
6/2/2018,6:45,153.6
6/3/2018,4:15,155.2
6/4/2018,6:00,156.6
6/5/2018,4:45,155.4
6/6/2018,6:00,154.4
6/7/2018,4:45,153.4
6/8/2018,,153.8
6/9/2018,,154.2
6/10/2018,,154.6
6/11/2018,7:30,155.0
6/12/2018,4:45,153.2
6/13/2018,6:00,152.4
6/14/2018,4:45,153.0
6/15/2018,5:00,152.8
6/16/2018,6:00,154.0
6/17/2018,6:00,155.8
6/18/2018,6:00,156.2
6/19/2018,4:45,156.2
6/20/2018,5:00,154.2
6/21/2018,4:45,153.6
6/22/2018,6:40,152.4
6/23/2018,4:45,153.0
6/24/2018,,153.2
6/25/2018,,153.4
6/26/2018,,153.6
6/27/2018,,153.8
6/28/2018,6:00,153.8
6/29/2018,7:00,153.2
6/30/2018,6:15,154.8
7/1/2018,6:15,153.6
7/2/2018,6:00,153.6
7/3/2018,4:45,153.8
7/4/2018,5:40,153.0
7/5/2018,6:00,153.0
7/6/2018,6:40,154.6
7/7/2018,6:15,152.6
7/8/2018,6:20,154.2
7/9/2018,6:00,153.8
7/10/2018,4:45,153.0
7/11/2018,6:00,152.2
7/12/2018,6:00,152.8
7/13/2018,6:30,152.6
7/14/2018,,151.0
7/15/2018,6:15,149.6
7/16/2018,6:00,153.0
7/17/2018,6:00,153.8
7/18/2018,6:00,152.8
7/19/2018,6:00,152.2
7/20/2018,7:00,149.8
7/21/2018,7:00,149.4
7/22/2018,6:15,150.4
7/23/2018,6:00,149.6
7/24/2018,4:45,149.4
7/25/2018,6:00,149.6
7/26/2018,6:00,149.2
7/27/2018,7:00,151.2
7/28/2018,6:00,152.8
7/29/2018,6:15,152.8
7/30/2018,6:00,153.2
7/31/2018,4:45,151.6
8/1/2018,6:00,150.8
8/2/2018,6:00,150.0
8/3/2018,6:45,151.0
8/4/2018,6:15,150.0
8/5/2018,6:15,150.6
8/6/2018,6:00,150.4
8/7/2018,4:45,149.8
8/8/2018,6:00,150.0
8/9/2018,6:00,148.8
8/10/2018,6:00,152.6
8/11/2018,6:00,150.4
8/12/2018,6:00,152.6
8/13/2018,6:00,151.6
8/14/2018,4:45,152.4
8/15/2018,6:00,149.8
8/16/2018,6:00,152.2
8/17/2018,5:45,154.0
8/18/2018,6:45,149.8
8/19/2018,6:15,152.0
8/20/2018,6:00,152.4
8/21/2018,6:00,151.8
8/22/2018,6:00,152.4
8/23/2018,6:00,152.2
8/24/2018,4:45,151.2
8/25/2018,7:15,149.8
8/26/2018,5:15,150.8
8/27/2018,6:00,153.6
8/28/2018,4:40,151.6
8/29/2018,6:00,151.0
8/30/2018,6:00,150.6
8/31/2018,6:40,150.6
9/1/2018,6:30,148.4
9/2/2018,6:15,151.2
9/3/2018,7:30,155.2
9/4/2018,4:40,154.6
9/5/2018,6:00,150.8
9/6/2018,6:00,150.8
9/7/2018,6:45,152.0
9/8/2018,6:15,151.4
9/9/2018,6:15,152.2
9/10/2018,6:00,152.6
9/11/2018,6:00,149.4
9/12/2018,6:00,150.6
9/13/2018,6:00,151.6
9/14/2018,6:35,150.6
9/15/2018,6:20,149.8
9/16/2018,5:00,151.6
9/17/2018,6:00,151.0
9/18/2018,4:40,153.0
9/19/2018,6:00,150.2
9/20/2018,6:00,149.8
9/21/2018,,150.8
9/22/2018,,152.2
9/23/2018,,155.6
9/24/2018,,157.8
9/25/2018,4:40,159.6
9/26/2018,6:00,155.0
9/27/2018,6:00,152.8
9/28/2018,6:30,153.8
9/29/2018,6:15,150.8
9/30/2018,6:45,151.2
10/1/2018,6:00,152.4
10/2/2018,4:40,151.4
10/3/2018,6:00,151.0
10/4/2018,6:00,150.0
10/5/2018,6:30,152.2
10/6/2018,7:40,150.6
10/7/2018,6:45,154.2
10/8/2018,6:00,153.2
10/9/2018,3:15,152.0
10/10/2018,,152.4
10/11/2018,,153.8
10/12/2018,7:00,153.6
10/13/2018,6:15,153.8
10/14/2018,6:20,155.6
10/15/2018,6:00,158.6
10/16/2018,6:00,157.0
10/17/2018,6:00,155.0
10/18/2018,6:00,152.2
10/19/2018,6:30,152.2
10/20/2018,6:45,151.6
10/21/2018,6:45,152.0
10/22/2018,6:00,152.2
10/23/2018,6:00,151.2
10/24/2018,6:00,150.8
10/25/2018,4:55,151.0
10/26/2018,4:55,150.6
10/27/2018,6:30,152.6
10/28/2018,6:45,155.0
10/29/2018,6:00,155.2
10/30/2018,6:00,153.6
10/31/2018,6:00,152.8
11/1/2018,6:00,153.0
11/2/2018,6:30,152.2
11/3/2018,6:45,152.2
11/4/2018,6:45,155.4
11/5/2018,6:00,157.2
11/6/2018,6:00,155.6
11/7/2018,6:00,153.0
11/8/2018,4:55,154.0
11/9/2018,6:50,151.8
11/10/2018,6:30,151.0
11/11/2018,7:00,153.4
11/12/2018,6:00,155.6
11/13/2018,6:00,153.6
11/14/2018,6:00,153.6
11/15/2018,6:00,154.4
11/16/2018,6:45,153.8
11/17/2018,6:30,151.6
11/18/2018,6:30,154.4
11/19/2018,6:00,156.8
11/20/2018,6:00,156.0
11/21/2018,6:00,153.8
11/22/2018,6:15,153.2
11/23/2018,6:50,155.6
11/24/2018,6:00,156.4
11/25/2018,7:00,159.4
11/26/2018,6:00,157.8
11/27/2018,7:30,156.0
11/28/2018,6:00,155.0
11/29/2018,6:00,154.4
11/30/2018,,154.0
12/1/2018,7:15,153.4
12/2/2018,,153.0
12/3/2018,7:00,152.4
12/4/2018,7:00,150.4
12/5/2018,6:00,154.2
12/6/2018,8:30,154.8
12/7/2018,8:00,155.0
12/8/2018,7:00,154.6
12/9/2018,7:45,155.8
12/10/2018,6:15,156.8
12/11/2018,7:45,156.2
12/12/2018,8:00,156.4
12/13/2018,6:30,154.6
12/14/2018,8:00,155.2
12/15/2018,7:30,155.8
12/16/2018,7:15,156.8
12/17/2018,6:00,155.2
12/18/2018,6:30,154.4
12/19/2018,7:00,152.8
12/20/2018,6:30,153.8
12/21/2018,6:00,153.8
12/22/2018,7:00,153.2
12/23/2018,6:00,155.2
12/24/2018,7:00,156.8
12/25/2018,5:45,156.8
12/26/2018,4:45,156.4
12/27/2018,6:30,155.0
12/28/2018,4:30,155.6
12/29/2018,4:15,155.4
12/30/2018,5:45,155.4
12/31/2018,5:00,156.8
1/1/2019,4:50,157.0
1/2/2019,4:15,156.8
1/3/2019,4:20,157.0
1/4/2019,6:10,155.2
1/5/2019,5:15,155.8
1/6/2019,4:10,154.8
1/7/2019,4:25,155.4
1/8/2019,4:15,155.2
1/9/2019,4:15,154.0
1/10/2019,3:45,153.8
1/11/2019,4:45,153.8
1/12/2019,4:00,153.2
1/13/2019,6:00,155.6
1/14/2019,5:50,156.4
1/15/2019,4:45,156.2
1/16/2019,4:50,155.4
1/17/2019,4:45,155.2
1/18/2019,4:35,154.0
1/19/2019,4:00,154.8
1/20/2019,4:00,154.8
1/21/2019,5:40,156.4
1/22/2019,5:50,156.4
1/23/2019,5:30,155.6
1/24/2019,3:35,153.6
1/25/2019,6:45,152.8
1/26/2019,6:00,154.0
1/27/2019,5:20,155.6
1/28/2019,5:00,156.4
1/29/2019,5:15,156.4
1/30/2019,4:40,155.4
1/31/2019,5:20,155.0
2/1/2019,5:40,153.8
2/2/2019,3:45,154.6
2/3/2019,6:15,156.8
2/4/2019,5:15,157.2
2/5/2019,5:50,156.2
2/6/2019,6:00,156.6
2/7/2019,4:50,154.6
2/8/2019,6:15,153.8
2/9/2019,5:30,154.2
2/10/2019,4:50,156.6
2/11/2019,,156.4
2/12/2019,4:45,156.2
2/13/2019,5:20,154.6
2/14/2019,5:00,154.8
2/15/2019,5:00,153.0
2/16/2019,5:00,155.4
2/17/2019,4:50,156.4
2/18/2019,6:00,155.6
2/19/2019,4:40,155.8
2/20/2019,5:45,154.8
2/21/2019,6:00,154.0
2/22/2019,6:00,151.8
2/23/2019,5:45,151.8
2/24/2019,7:00,154.0
2/25/2019,5:20,152.6
2/26/2019,5:50,152.6
2/27/2019,,153.2
2/28/2019,6:00,153.8
3/1/2019,5:25,153.4
3/2/2019,6:00,152.8
3/3/2019,5:50,152.4
3/4/2019,5:15,153.8
3/5/2019,5:15,153.4
3/6/2019,6:00,152.4
3/7/2019,5:45,152.6
3/8/2019,4:45,151.8
3/9/2019,6:00,151.8
3/10/2019,7:00,151.6
3/11/2019,5:30,151.8
3/12/2019,5:40,153.0
3/13/2019,6:00,151.8
3/14/2019,5:25,151.8
3/15/2019,5:55,152.0
3/16/2019,5:00,152.4
3/17/2019,5:40,153.8
3/18/2019,4:45,155.6
3/19/2019,6:00,154.4
3/20/2019,5:20,152.2
3/21/2019,4:45,153.4
3/22/2019,5:45,152.8
3/23/2019,,154.0
3/24/2019,,156.0
3/25/2019,5:30,156.8
3/26/2019,6:00,156.0
3/27/2019,5:30,152.6
3/28/2019,5:25,152.8
3/29/2019,4:20,152.8
3/30/2019,5:15,154.0
3/31/2019,7:15,153.2
4/1/2019,6:00,153.4
4/2/2019,5:50,154.4
4/3/2019,5:50,152.4
4/4/2019,5:50,152.4
4/5/2019,4:45,156.0
4/6/2019,,154.0
4/7/2019,,154.0
4/8/2019,,154.0
4/9/2019,,154.0
4/10/2019,,154.0
4/11/2019,4:45,152.8
4/12/2019,,152.8
4/13/2019,6:00,152.8
4/14/2019,6:00,152.6
4/15/2019,5:15,153.4
4/16/2019,6:00,152.4
4/17/2019,6:00,151.4
4/18/2019,5:20,150.4
4/19/2019,6:00,150.4
4/20/2019,6:00,150.8
4/21/2019,4:15,152.2
4/22/2019,5:45,152.2
4/23/2019,5:00,151.6
4/24/2019,5:00,151.4
4/25/2019,6:00,151.2
4/26/2019,4:00,149.8
4/27/2019,6:15,151.2
4/28/2019,6:00,151.2
4/29/2019,5:45,151.2
4/30/2019,6:00,151.4
5/1/2019,6:00,151.2
5/2/2019,5:20,150.4
5/3/2019,6:30,149.2
5/4/2019,6:25,150.2
5/5/2019,5:45,150.8
5/6/2019,5:40,152.6
5/7/2019,6:00,152.6
5/8/2019,5:45,151.6
5/9/2019,6:00,150.2
5/10/2019,6:00,150.2
5/11/2019,6:15,150.4
5/12/2019,6:30,150.6
5/13/2019,6:00,152.6
5/14/2019,6:10,151.6
5/15/2019,5:55,151.0
5/16/2019,6:00,150.2
5/17/2019,6:10,150.2
5/18/2019,4:30,150.6
5/19/2019,6:10,151.4
5/20/2019,6:00,150.6
5/21/2019,6:00,151.6
5/22/2019,5:30,149.8
5/23/2019,6:00,150.4
5/24/2019,5:55,150.0
5/25/2019,5:40,150.8
5/26/2019,7:15,151.6
5/27/2019,6:00,154.0
5/28/2019,6:00,155.0
5/29/2019,5:45,152.6
5/30/2019,6:00,152.2
5/31/2019,5:50,150.8
6/1/2019,5:30,151.0
6/2/2019,5:45,154.0
6/3/2019,5:55,154.4
6/4/2019,5:30,152.8
6/5/2019,6:00,150.8
6/6/2019,6:00,150.2
6/7/2019,5:40,150.2
6/8/2019,5:40,150.6
6/9/2019,5:45,151.4
6/10/2019,6:00,152.8
6/11/2019,5:45,152.0
6/12/2019,6:00,152.2
6/13/2019,5:40,151.0
6/14/2019,6:30,151.2
6/15/2019,6:30,150.6
6/16/2019,,151.2
6/17/2019,6:00,151.8
6/18/2019,5:45,153.0
6/19/2019,5:45,151.2
6/20/2019,,151.0
6/21/2019,6:30,150.8
6/22/2019,5:45,150.8
6/23/2019,5:50,151.6
6/24/2019,5:30,152.4
6/25/2019,5:45,152.6
6/26/2019,5:45,152.0
6/27/2019,5:30,152.0
6/28/2019,6:30,150.6
6/29/2019,5:00,152.2
6/30/2019,5:25,153.2
7/1/2019,5:30,154.6
7/2/2019,5:30,154.6
7/3/2019,5:30,152.6
7/4/2019,,153.6
7/5/2019,,154.4
7/6/2019,,155.4
7/7/2019,6:00,156.2
7/8/2019,6:00,156.2
7/9/2019,4:15,154.0
7/10/2019,6:00,155.4
7/11/2019,6:00,154.0
7/12/2019,5:15,153.2
7/13/2019,6:00,152.8
7/14/2019,6:00,154.4
7/15/2019,4:45,156.6
7/16/2019,6:00,156.4
7/17/2019,6:10,155.2
7/18/2019,4:45,154.0
7/19/2019,6:45,153.2
7/20/2019,6:00,153.6
7/21/2019,6:00,153.6
7/22/2019,6:15,153.0
7/23/2019,6:15,154.2
7/24/2019,6:00,153.0
7/25/2019,6:00,154.8
7/26/2019,4:00,154.4
7/27/2019,7:00,153.2
7/28/2019,5:30,154.0
7/29/2019,5:45,153.8
7/30/2019,6:00,155.0
7/31/2019,5:00,153.6
8/1/2019,5:30,153.4
8/2/2019,6:00,152.4
8/3/2019,5:00,153.8
8/4/2019,5:40,154.0
8/5/2019,6:10,154.8
8/6/2019,5:15,153.6
8/7/2019,6:00,151.2
8/8/2019,5:45,152.2
8/9/2019,5:05,153.2
8/10/2019,6:30,154.4
8/11/2019,5:30,154.0
8/12/2019,6:00,154.0
8/13/2019,6:05,154.2
8/14/2019,4:15,152.4
8/15/2019,6:15,152.2
8/16/2019,6:15,151.6
8/17/2019,6:00,152.0
8/18/2019,6:00,155.2
8/19/2019,5:50,155.2
8/20/2019,5:05,153.8
8/21/2019,6:00,153.4
8/22/2019,6:20,151.4
8/23/2019,6:30,152.2
8/24/2019,,154.0
8/25/2019,,155.8
8/26/2019,5:00,156.8
8/27/2019,6:05,154.6
8/28/2019,5:20,153.4
8/29/2019,6:00,152.4
8/30/2019,4:45,153.0
8/31/2019,,153.6
9/1/2019,,154.2
9/2/2019,,155.0
9/3/2019,5:40,155.6
9/4/2019,5:30,153.6
9/5/2019,5:30,154.4
9/6/2019,4:30,153.4
9/7/2019,6:00,153.6
9/8/2019,6:00,155.6
9/9/2019,6:10,154.0
9/10/2019,6:00,154.6
9/11/2019,6:10,153.0
9/12/2019,,154.2
9/13/2019,4:35,155.4
9/14/2019,6:00,155.0
9/15/2019,6:00,155.0
9/16/2019,6:00,156.8
9/17/2019,6:00,156.6
9/18/2019,6:45,154.2
9/19/2019,6:00,154.0
9/20/2019,6:00,153.6
9/22/2019,6:30,155.2
9/23/2019,6:00,154.6
9/24/2019,6:00,153.4
9/25/2019,6:00,153.0
9/26/2019,5:30,151.8
9/27/2019,4:35,153.0
9/28/2019,6:00,152.2
9/29/2019,3:45,153.2
9/30/2019,6:10,154.4
10/1/2019,5:20,153.6
10/2/2019,5:30,151.0
10/3/2019,5:20,149.6
10/4/2019,5:20,152.2
10/5/2019,7:00,151.2
10/6/2019,5:50,150.4
10/7/2019,6:20,150.8
10/8/2019,5:25,151.2
10/9/2019,6:50,149.8
10/10/2019,6:30,151.4
10/11/2019,6:30,151.6
10/12/2019,6:15,149.8
10/13/2019,5:30,150.8
10/14/2019,4:45,153.0
10/15/2019,6:00,153.2
10/16/2019,6:00,150.8
10/17/2019,6:00,152.2
10/18/2019,4:30,152.6
10/19/2019,6:00,152.0
10/20/2019,6:00,150.6
10/21/2019,6:00,152.0
10/22/2019,5:30,150.8
10/23/2019,6:00,149.6
10/24/2019,6:00,150.2
10/25/2019,4:00,150.0
10/26/2019,6:00,152.0
10/27/2019,6:00,151.2
10/28/2019,6:00,152.2
10/29/2019,5:45,151.4
10/30/2019,6:00,151.0
10/31/2019,6:00,150.2
11/1/2019,6:30,148.2
11/2/2019,4:30,150.6
11/3/2019,5:40,153.8
11/4/2019,6:00,153.6
11/5/2019,5:50,154.0
11/6/2019,6:05,151.8
11/7/2019,5:10,151.6
11/8/2019,5:40,150.6
11/9/2019,6:05,150.0
11/10/2019,7:00,151.0
11/11/2019,6:40,151.2
11/12/2019,6:00,150.2
11/13/2019,6:20,149.2
11/14/2019,6:00,148.0
11/15/2019,5:45,149.0
11/16/2019,7:00,150.0
11/17/2019,7:15,150.6
11/18/2019,6:15,151.6
11/19/2019,4:45,150.0
11/20/2019,5:55,149.8
11/21/2019,5:45,149.4
11/22/2019,6:15,150.0
11/23/2019,6:30,149.4
11/24/2019,6:00,149.4
11/25/2019,5:45,150.2
11/26/2019,4:50,149.0
11/27/2019,4:50,149.6
11/28/2019,5:30,150.0
11/29/2019,6:00,151.0
11/30/2019,6:00,152.2
12/1/2019,6:30,153.8
12/2/2019,5:40,154.0
12/3/2019,4:45,151.0
12/4/2019,5:40,150.6
12/5/2019,6:30,149.6
12/6/2019,6:25,149.6
12/7/2019,6:15,150.0
12/8/2019,5:45,150.2
12/9/2019,5:45,151.4
12/10/2019,4:40,150.6
12/11/2019,5:45,149.6
12/12/2019,5:45,149.4
12/13/2019,6:00,150.0
12/14/2019,5:25,150.6
12/15/2019,6:30,149.4
12/16/2019,5:30,153.2
12/17/2019,6:15,150.2
12/18/2019,5:55,149.4
12/19/2019,5:45,148.8
12/20/2019,6:30,149.4
12/21/2019,6:10,148.4
12/22/2019,6:10,150.2
12/23/2019,5:45,150.4
12/24/2019,6:15,150.8
12/25/2019,,152.2
12/26/2019,7:00,153.6
12/27/2019,5:50,152.4
12/28/2019,5:30,154.6
12/29/2019,,154.6
12/30/2019,5:45,154.6
12/31/2019,7:00,153.6
1/1/2020,6:30,155.6
1/2/2020,5:40,154.8
1/4/2020,7:00,154.4
1/5/2020,7:00,152.6
1/6/2020,5:50,152.6
1/7/2020,5:50,152.6
1/8/2020,5:50,152.2
1/9/2020,5:50,151.4
1/10/2020,6:00,151.0
1/11/2020,5:30,152.8
1/12/2020,6:10,153.0
1/13/2020,5:50,153.8
1/14/2020,4:50,153.2
1/15/2020,5:45,152.6
1/16/2020,5:50,151.4
1/17/2020,6:00,151.4
1/18/2020,6:00,151.2
1/19/2020,6:00,153.0
1/20/2020,5:50,154.6
1/21/2020,5:15,154.2
1/22/2020,4:40,153.6
1/23/2020,5:15,152.4
1/24/2020,4:50,150.8
1/25/2020,6:45,152.4
1/26/2020,6:30,152.8
1/27/2020,6:15,152.2
1/28/2020,5:45,150.8
1/29/2020,5:50,150.0
1/30/2020,4:05,150.0
1/31/2020,6:30,151.2
2/1/2020,6:50,152.2
2/2/2020,6:40,153.0
2/3/2020,5:45,155.8
2/4/2020,5:45,155.6
2/5/2020,5:45,154.2
2/6/2020,5:45,152.6
2/7/2020,6:15,151.2
2/8/2020,6:15,152.2
2/9/2020,6:30,152.2
2/10/2020,5:45,152.4
2/11/2020,5:45,154.2
2/12/2020,5:45,153.2
2/13/2020,5:45,153.0
2/14/2020,6:15,151.8
2/15/2020,5:30,151.8
2/16/2020,6:15,155.2
2/17/2020,6:05,157.6
2/18/2020,5:45,156.4
2/19/2020,5:45,154.6
2/20/2020,,154.0
2/21/2020,,153.6
2/22/2020,6:15,153.0
2/23/2020,6:15,154.0
2/24/2020,5:20,153.6
2/25/2020,5:45,153.4
2/26/2020,3:00,153.2
2/27/2020,,154.2
2/28/2020,6:15,155.2
2/29/2020,6:15,155.2
3/1/2020,5:20,155.8
3/2/2020,5:45,155.0
3/3/2020,5:45,154.2
3/4/2020,5:45,155.0
3/5/2020,5:50,152.6
3/6/2020,5:45,153.4
3/7/2020,6:20,155.2
3/8/2020,6:50,157.0
3/9/2020,3:50,156.4
3/10/2020,,156.0
3/11/2020,,155.8
3/12/2020,5:55,155.6
3/13/2020,6:05,155.2
3/14/2020,,154.8
3/15/2020,6:15,154.4
3/16/2020,6:00,154.6
3/17/2020,5:45,153.8
3/18/2020,5:55,154.2
3/19/2020,5:45,153.2
3/20/2020,5:55,154.2
3/21/2020,6:45,154.6
3/22/2020,6:10,156.4
3/23/2020,6:40,156.0
3/24/2020,6:30,154.0
3/25/2020,6:30,154.0
3/26/2020,6:30,154.0
3/27/2020,6:20,152.8
3/28/2020,6:30,153.8
3/29/2020,6:30,154.0
3/30/2020,6:30,154.4
3/31/2020,6:15,153.4
4/1/2020,6:30,153.6
4/2/2020,6:00,153.0
4/3/2020,6:30,153.6
4/4/2020,6:30,154.2
4/5/2020,7:00,156.2
4/6/2020,6:15,156.0
4/7/2020,6:15,155.6
4/8/2020,6:15,154.6
4/9/2020,4:30,154.8
4/10/2020,6:00,155.0
4/11/2020,6:15,155.0
4/12/2020,6:15,156.8
4/13/2020,6:15,155.8
4/14/2020,6:15,154.2
4/15/2020,6:15,154.6
4/16/2020,6:30,154.0
4/17/2020,6:45,155.4
4/18/2020,6:00,155.0
4/19/2020,6:15,156.2
4/20/2020,6:15,155.2
4/21/2020,6:15,154.8
4/22/2020,6:30,154.4
4/23/2020,6:15,154.2
4/24/2020,6:15,154.4
4/25/2020,6:45,154.4
4/26/2020,6:45,156.4
4/27/2020,6:30,155.6
4/28/2020,6:30,155.2
4/29/2020,6:15,155.0
4/30/2020,6:00,155.4
5/1/2020,5:40,155.4
5/2/2020,7:00,155.6
5/3/2020,6:45,156.6
5/4/2020,5:45,156.0
5/5/2020,5:54,155.8
5/6/2020,,156.0
5/7/2020,,156.2
5/8/2020,,156.4
5/9/2020,6:00,156.6
5/10/2020,6:00,157.0
5/11/2020,6:15,158.2
5/12/2020,6:15,157.0
5/13/2020,6:05,155.4
5/14/2020,6:45,156.0
5/15/2020,6:15,154.4
5/16/2020,6:15,154.4
5/17/2020,6:30,153.8
5/18/2020,6:15,155.8
5/19/2020,5:45,154.2
5/20/2020,6:30,154.0
5/21/2020,5:45,152.2
5/22/2020,5:30,153.8
5/23/2020,6:30,153.4
5/24/2020,6:30,153.8
5/25/2020,6:30,153.4
5/26/2020,6:40,155.6
5/27/2020,6:00,155.4
5/28/2020,6:00,153.4
5/29/2020,6:30,153.0
5/30/2020,7:00,152.8
5/31/2020,5:50,153.8
6/1/2020,6:15,153.8
6/2/2020,6:15,153.6
6/3/2020,6:15,153.8
6/4/2020,6:30,153.4
6/5/2020,6:15,152.2
6/6/2020,6:15,152.0
6/7/2020,6:15,153.8
6/8/2020,5:45,153.6
6/9/2020,6:00,152.2
6/10/2020,6:00,152.0
6/11/2020,6:30,151.6
6/12/2020,6:00,151.0
6/13/2020,,152.6
6/14/2020,,154.0
6/15/2020,6:00,155.8
6/16/2020,6:20,153.8
6/17/2020,6:10,152.2
6/18/2020,6:15,151.2
6/19/2020,6:30,151.6
6/20/2020,5:55,152.0
6/21/2020,5:50,151.8
6/22/2020,6:20,152.6
6/23/2020,6:15,152.2
6/24/2020,6:20,151.0
6/25/2020,6:25,152.2
6/26/2020,6:15,152.4
6/27/2020,6:15,150.6
6/28/2020,6:00,151.4
6/29/2020,6:15,151.6
6/30/2020,6:20,152.8
7/1/2020,6:00,151.6
7/2/2020,5:50,151.8
7/3/2020,5:30,151.6
7/4/2020,5:40,153.6
7/5/2020,5:45,154.4
7/6/2020,5:55,153.4
7/7/2020,6:20,154.2
7/8/2020,5:50,152.4
7/9/2020,5:30,153.4
7/10/2020,5:50,152.2
7/11/2020,6:00,151.4
7/12/2020,5:50,152.2
7/13/2020,6:00,152.8
7/14/2020,6:00,153.0
7/15/2020,6:00,151.8
7/16/2020,6:20,151.8
7/17/2020,6:15,151.0
7/18/2020,6:00,151.0
7/19/2020,5:45,152.2
7/20/2020,6:00,154.6
7/21/2020,6:00,153.4
7/22/2020,6:00,153.0
7/23/2020,6:10,149.8
7/24/2020,5:45,149.8
7/25/2020,5:40,150.6
7/26/2020,5:45,153.6
7/27/2020,6:10,151.6
7/28/2020,6:05,150.0
7/29/2020,6:00,149.6
7/30/2020,6:15,149.0
7/31/2020,6:15,149.2
8/1/2020,5:45,150.0
8/2/2020,6:00,152.2
8/3/2020,6:55,153.4
8/4/2020,6:40,152.8
8/5/2020,6:00,152.4
8/6/2020,6:00,150.8
8/7/2020,6:05,151.0
8/8/2020,6:00,150.4
8/9/2020,6:15,154.8
8/10/2020,5:35,153.2
8/11/2020,6:00,155.2
8/12/2020,5:45,155.0
8/13/2020,5:30,153.8
8/14/2020,6:00,152.8
8/15/2020,,155.0
8/16/2020,,158.0
8/17/2020,7:00,160.2
8/18/2020,6:15,157.4
8/19/2020,6:00,158.2
8/20/2020,6:15,157.8
8/21/2020,,157.8
8/22/2020,,157.8
8/23/2020,,157.8
8/24/2020,6:15,157.8
8/25/2020,6:00,156.8
8/26/2020,6:00,156.8
8/27/2020,6:00,157.8
8/28/2020,6:00,156.2
8/29/2020,6:15,158.0
8/30/2020,6:30,157.0
8/31/2020,6:00,156.2
9/1/2020,6:00,156.4
9/2/2020,6:00,156.0
9/3/2020,4:50,156.0
9/4/2020,5:30,155.6
9/5/2020,6:00,155.8
9/6/2020,6:00,158.8
9/7/2020,6:15,158.8
9/8/2020,6:00,159.2
9/9/2020,5:00,157.2
9/10/2020,5:45,155.2
9/11/2020,5:30,152.6
9/12/2020,5:30,152.4
9/13/2020,5:50,153.4
9/14/2020,5:30,154.2
9/15/2020,5:30,154.2
9/16/2020,6:00,154.8
9/17/2020,6:00,155.4
9/18/2020,6:30,155.4
9/19/2020,6:30,156.0
9/20/2020,6:30,156.8
9/21/2020,6:05,156.8
9/22/2020,6:20,156.2
9/23/2020,6:20,155.4
9/24/2020,6:15,155.2
9/25/2020,6:30,156.0
9/26/2020,6:45,156.4
9/27/2020,6:30,156.2
9/28/2020,6:15,157.8
9/29/2020,6:00,156.2
9/30/2020,6:20,155.6
10/1/2020,5:45,155.2
10/2/2020,5:45,154.0
10/3/2020,6:00,155.6
10/4/2020,6:00,156.0
10/5/2020,6:20,158.4
10/6/2020,,158.0
10/7/2020,,157.0
10/8/2020,,156.0
10/9/2020,6:00,155.6
10/10/2020,6:30,155.6
10/11/2020,6:45,157.2
10/12/2020,6:30,157.2
10/13/2020,4:45,157.8
10/14/2020,6:20,157.0
10/15/2020,5:45,155.6
10/16/2020,5:55,155.0
10/17/2020,6:30,155.6
10/18/2020,6:00,156.8
10/19/2020,5:15,157.2
10/20/2020,6:00,156.4
10/21/2020,6:00,155.0
10/22/2020,5:40,155.2
10/23/2020,5:30,154.4
10/24/2020,6:30,155.0
10/25/2020,6:30,157.2
10/26/2020,6:00,157.4
10/27/2020,6:30,157.4
10/28/2020,6:30,155.4
10/29/2020,4:45,156.0
10/30/2020,6:00,153.4
10/31/2020,6:00,154.0
11/1/2020,6:15,155.8
11/2/2020,5:45,156.2
11/3/2020,6:00,156.8
11/4/2020,6:00,156.0
11/5/2020,5:45,155.4
11/6/2020,5:50,156.8
11/7/2020,6:15,155.4
11/8/2020,6:30,155.6
11/9/2020,6:30,156.4
11/10/2020,5:55,154.6
11/11/2020,6:00,155.0
11/12/2020,5:30,154.2
11/13/2020,6:15,154.8
11/14/2020,6:30,154.4
11/15/2020,6:15,156.0
11/16/2020,6:30,157.2
11/17/2020,6:40,156.4
11/18/2020,6:20,154.8
11/19/2020,6:40,153.8
11/20/2020,6:25,154.2
11/21/2020,6:40,155.8
11/22/2020,7:00,155.0
11/23/2020,6:00,155.4
11/24/2020,6:15,155.0
11/25/2020,6:30,155.2
11/26/2020,6:40,155.0
11/27/2020,6:30,156.2
11/28/2020,6:45,156.6
11/29/2020,6:00,157.4
11/30/2020,6:20,157.4
12/1/2020,6:00,156.2
12/2/2020,6:30,155.0
12/3/2020,4:50,155.0
12/4/2020,6:20,154.4
12/5/2020,5:30,155.4
12/6/2020,6:30,155.4
12/7/2020,6:20,156.2
12/8/2020,4:50,155.6
12/9/2020,6:10,155.0
12/10/2020,4:50,156.4
12/11/2020,6:30,155.0
12/12/2020,7:00,155.4
12/13/2020,6:15,157.6
12/14/2020,6:15,156.2
12/15/2020,4:50,155.4
12/16/2020,6:15,155.2
12/17/2020,6:30,155.4
12/18/2020,6:10,155.6
12/19/2020,7:00,155.0
12/20/2020,6:30,156.4
12/21/2020,6:45,156.0
12/22/2020,6:30,156.8
12/23/2020,6:30,156.8
12/24/2020,6:15,156.2
12/25/2020,6:15,157.4
12/26/2020,6:45,159.8
12/27/2020,6:30,157.0
12/28/2020,6:20,155.4
12/29/2020,6:15,155.0
12/30/2020,6:15,155.0
12/31/2020,6:15,155.6
1/1/2021,6:15,156.6
1/2/2021,6:45,155.2
1/3/2021,6:15,155.2
1/4/2021,5:50,154.2
1/5/2021,6:40,153.2
1/6/2021,6:20,153.0
1/7/2021,6:20,152.4
1/8/2021,6:30,152.8
1/9/2021,6:30,153.4
1/10/2021,6:15,153.0
1/11/2021,5:30,153.0
1/12/2021,6:15,152.8
1/13/2021,5:45,152.4
1/14/2021,6:15,152.2
1/15/2021,6:30,152.2
1/16/2021,6:00,152.0
1/17/2021,6:15,153.0
1/18/2021,6:30,152.8
1/19/2021,6:30,152.4
1/20/2021,6:00,152.0
1/21/2021,6:30,152.2
1/22/2021,5:40,151.4
1/23/2021,5:45,150.6
1/24/2021,6:45,154.4
1/25/2021,6:30,156.2
1/26/2021,5:45,156.2
1/27/2021,6:30,154.0
1/28/2021,6:30,154.0
1/29/2021,6:00,152.0
1/30/2021,6:00,153.4
1/31/2021,6:30,157.0
2/1/2021,5:50,159.2
2/2/2021,6:15,160.2
2/3/2021,5:50,161.4
2/4/2021,5:45,158.4
2/5/2021,5:50,156.2
2/6/2021,5:45,154.6
2/7/2021,5:30,155.2
2/8/2021,5:30,156.0
2/9/2021,6:00,155.2
2/10/2021,6:15,156.0
2/11/2021,5:45,154.6
2/12/2021,5:45,154.2
2/13/2021,6:15,156.8
2/14/2021,6:15,158.0
2/15/2021,6:15,159.8
2/16/2021,6:30,158.0
2/17/2021,5:45,156.0
2/18/2021,6:15,156.2
2/19/2021,6:10,154.6
2/20/2021,6:00,154.8
2/21/2021,6:30,156.8
2/22/2021,6:25,159.8
2/23/2021,6:15,158.4
2/24/2021,6:15,157.2
2/25/2021,6:00,157.8
2/26/2021,6:00,156.4
2/27/2021,6:00,156.8
2/28/2021,6:15,158.0
3/1/2021,6:15,159.6
3/2/2021,6:00,157.2
3/3/2021,,158.0
3/4/2021,,159.0
3/5/2021,5:45,160.0
3/6/2021,6:15,159.4
3/7/2021,6:15,158.2
3/8/2021,5:45,158.6
3/9/2021,6:15,157.8
3/10/2021,6:15,157.4
3/11/2021,6:00,156.6
3/12/2021,5:30,156.8
3/13/2021,6:00,156.8
3/14/2021,6:30,157.8
3/15/2021,6:15,156.8
3/16/2021,6:00,156.8
3/17/2021,6:00,156.8
3/18/2021,6:30,156.6
3/19/2021,6:00,156.0
3/20/2021,6:00,156.4
3/21/2021,6:45,159.4
3/22/2021,6:30,161.2
3/23/2021,5:45,160.0
3/24/2021,7:00,158.0
3/25/2021,6:15,158.4
3/26/2021,6:05,157.6
3/27/2021,7:00,157.0
3/28/2021,5:00,160.0
3/29/2021,6:25,162.2
3/30/2021,6:20,161.4
3/31/2021,6:05,159.0
4/1/2021,6:20,158.6
4/2/2021,6:10,157.8
4/3/2021,5:50,157.4
4/4/2021,6:15,158.8
4/5/2021,6:30,160.0
4/6/2021,6:15,158.4
4/7/2021,6:15,157.8
4/8/2021,6:15,158.4
4/9/2021,6:15,158.2
4/10/2021,6:30,157.0
4/11/2021,6:30,157.4
4/12/2021,6:15,157.6
4/13/2021,6:15,158.0
4/14/2021,6:00,157.0
4/15/2021,6:00,156.4
4/16/2021,6:15,156.0
4/17/2021,6:30,155.4
4/18/2021,6:00,158.8
4/19/2021,,158.0
4/20/2021,,159.0
4/21/2021,,159.0
4/22/2021,,157.0
4/23/2021,,158.0
4/24/2021,,159.0
4/25/2021,,158.0
4/26/2021,,159.0
4/27/2021,6:20,159.2
4/28/2021,6:05,159.2
4/29/2021,6:15,159.2
4/30/2021,6:20,157.8
5/1/2021,6:10,157.2
5/2/2021,6:00,157.6
5/3/2021,6:15,157.0
5/4/2021,5:45,159.8
5/5/2021,5:45,158.6
5/6/2021,5:45,157.4
5/7/2021,5:45,157.6
5/8/2021,6:20,156.2
5/9/2021,5:45,156.6
5/10/2021,5:45,159.6
5/11/2021,5:45,158.6
5/12/2021,5:45,157.4
5/13/2021,5:45,156.0
5/14/2021,5:30,155.8
5/15/2021,7:00,155.8
5/16/2021,6:15,158.8
5/17/2021,6:00,158.8
5/18/2021,5:45,158.0
5/19/2021,5:45,157.4
5/20/2021,5:45,156.6
5/21/2021,5:45,155.6
5/22/2021,6:15,156.6
5/23/2021,6:00,156.6
5/24/2021,5:45,157.8
5/25/2021,5:45,156.6
5/26/2021,5:45,156.8
5/27/2021,5:45,156.2
5/28/2021,5:45,156.6
5/29/2021,,157.4
5/30/2021,,158.0
5/31/2021,,158.6
6/1/2021,5:45,159.4
6/2/2021,6:00,157.0
6/3/2021,5:45,157.2
6/4/2021,5:45,156.2
6/5/2021,5:45,156.6
6/6/2021,6:00,156.4
6/7/2021,6:00,156.4
6/8/2021,5:45,156.2
6/9/2021,6:10,156.6
6/10/2021,6:15,156.6
6/11/2021,6:00,156.2
6/12/2021,6:20,155.6
6/13/2021,6:00,156.2
6/14/2021,5:45,158.0
6/15/2021,5:45,158.2
6/16/2021,6:00,156.2
6/17/2021,5:45,156.0
6/18/2021,5:30,154.2
6/19/2021,6:15,153.4
6/20/2021,5:45,154.6
6/21/2021,5:45,154.8
6/22/2021,5:45,156.0
6/23/2021,5:45,155.0
6/24/2021,5:45,154.8
6/25/2021,5:45,154.2
6/26/2021,6:15,154.0
6/27/2021,6:20,153.4
6/28/2021,6:30,154.4
6/29/2021,5:45,154.4
6/30/2021,5:45,153.8
7/1/2021,5:45,154.0
7/2/2021,6:00,153.6
7/3/2021,6:15,153.4
7/4/2021,5:45,153.2
7/5/2021,5:45,153.4
7/6/2021,6:10,155.0
7/7/2021,5:30,155.0
7/8/2021,5:15,153.8
7/9/2021,6:00,154.2
7/10/2021,5:45,153.6
7/11/2021,5:45,154.0
7/13/2021,4:45,155.2
7/14/2021,5:45,154.2
7/15/2021,5:45,153.2
7/16/2021,5:45,152.2
7/17/2021,6:00,152.4
7/18/2021,6:30,154.2
7/19/2021,5:45,156.0
7/20/2021,5:45,155.8
7/21/2021,5:45,155.2
7/22/2021,6:30,153.6
7/23/2021,5:45,153.8
7/24/2021,5:45,153.2
7/25/2021,5:30,154.2
7/26/2021,5:45,154.6
7/27/2021,5:45,154.8
7/28/2021,6:00,154.0
7/29/2021,5:45,153.6
7/30/2021,6:15,152.8
7/31/2021,5:45,153.4
8/1/2021,5:45,154.8
8/2/2021,5:45,156.0
8/3/2021,5:30,156.4
8/4/2021,5:45,155.0
8/5/2021,5:00,153.0
8/6/2021,,154.6
8/7/2021,,156.0
8/8/2021,,157.8
8/9/2021,6:35,159.2
8/10/2021,6:40,156.8
8/11/2021,6:40,155.4
8/12/2021,6:00,157.0
8/13/2021,5:50,155.6
8/14/2021,6:00,155.8
8/15/2021,6:45,158.2
8/16/2021,6:00,158.0
8/17/2021,6:00,156.4
8/18/2021,6:00,155.4
8/19/2021,6:00,155.2
8/20/2021,6:00,153.8
8/21/2021,6:15,155.0
8/22/2021,6:30,156.0
8/23/2021,6:00,157.8
8/24/2021,2:00,156.4
8/25/2021,5:00,156.6
8/26/2021,6:00,155.6
8/27/2021,4:00,154.0
8/28/2021,5:45,154.2
8/29/2021,6:00,155.0
8/30/2021,6:15,157.6
8/31/2021,6:00,157.8
9/1/2021,6:10,156.6
9/2/2021,6:15,155.2
9/3/2021,4:15,155.4
9/4/2021,,156.8
9/5/2021,,158.6
9/6/2021,,160.2
9/7/2021,6:15,162.0
9/8/2021,5:30,159.2
9/9/2021,6:15,157.0
9/10/2021,6:00,155.6
9/11/2021,6:00,155.8
9/12/2021,6:00,155.4
9/13/2021,6:00,156.0
9/14/2021,6:10,154.4
9/15/2021,6:00,154.8
9/16/2021,6:15,155.6
9/17/2021,6:10,154.0
9/18/2021,6:00,152.8
9/19/2021,6:15,154.6
9/20/2021,6:30,153.0
9/21/2021,5:45,154.0
9/22/2021,6:05,154.0
9/23/2021,6:10,153.2
9/24/2021,3:30,153.0
9/25/2021,5:45,153.0
9/26/2021,5:15,154.2
9/27/2021,6:00,153.4
9/28/2021,6:15,154.6
9/29/2021,6:25,154.8
9/30/2021,6:10,153.4
10/1/2021,3:00,154.4
10/2/2021,6:20,155.0
10/3/2021,6:30,157.8
10/4/2021,6:40,159.8
10/5/2021,6:00,157.2
10/6/2021,6:15,155.8
10/7/2021,6:05,155.0
10/8/2021,6:40,154.8
10/9/2021,6:30,153.2
10/10/2021,7:00,152.4
10/11/2021,6:40,152.6
10/12/2021,7:00,151.6
10/13/2021,6:20,151.0
10/14/2021,6:50,150.6
10/15/2021,6:15,150.8
10/16/2021,6:40,151.0
10/17/2021,6:40,150.2
10/18/2021,6:15,151.0
10/19/2021,6:10,150.4
10/20/2021,5:00,150.6
10/21/2021,6:15,149.6
10/22/2021,3:00,150.0
10/23/2021,7:15,152.0
10/24/2021,6:15,154.8
10/25/2021,6:15,157.6
10/26/2021,6:15,155.6
10/27/2021,6:15,153.0
10/28/2021,6:00,152.4
10/29/2021,6:15,151.2
10/30/2021,7:00,151.2
10/31/2021,6:45,152.2
11/1/2021,6:15,153.4
11/2/2021,6:15,152.8
11/3/2021,6:00,151.0
11/4/2021,5:30,152.4
11/5/2021,6:40,152.4
11/6/2021,5:40,152.6
11/7/2021,5:45,152.6
11/8/2021,5:50,153.6
11/9/2021,6:00,152.4
11/10/2021,6:00,152.2
11/11/2021,6:00,150.8
11/12/2021,6:30,149.6
11/13/2021,4:45,152.6
11/14/2021,5:00,152.4
11/15/2021,6:15,151.8
11/16/2021,6:20,151.8
11/17/2021,6:00,151.6
11/18/2021,4:45,151.6
11/19/2021,6:15,150.8
11/20/2021,5:40,150.6
11/21/2021,6:10,154.2
11/22/2021,5:50,154.8
11/23/2021,6:15,154.8
11/24/2021,6:30,152.8
11/25/2021,6:00,153.4
11/26/2021,6:15,155.8
11/27/2021,6:50,157.4
11/28/2021,7:00,157.8
11/29/2021,6:45,158.4
11/30/2021,6:45,156.6
12/1/2021,6:30,155.0
12/2/2021,6:15,154.2
12/3/2021,5:30,153.6
12/4/2021,5:15,155.4
12/5/2021,6:15,156.6
12/6/2021,6:15,158.0
12/7/2021,5:10,156.6
12/8/2021,6:15,155.0
12/9/2021,6:15,156.0
12/10/2021,6:45,155.6
12/11/2021,6:30,155.0
12/12/2021,6:30,156.8
12/13/2021,6:30,158.8
12/14/2021,5:15,157.2
12/15/2021,6:15,156.2
12/16/2021,6:30,156.2
12/17/2021,6:15,155.2
12/18/2021,6:30,154.4
12/19/2021,6:45,156.6
12/20/2021,6:45,157.4
12/21/2021,6:45,157.0
12/22/2021,6:30,157.0
12/23/2021,6:00,154.6
12/24/2021,6:30,155.6
12/25/2021,4:45,156.0
12/26/2021,6:30,158.2
12/27/2021,7:15,158.6
12/28/2021,6:30,156.6
12/29/2021,6:50,156.2
12/30/2021,6:30,159.2
12/31/2021,6:50,161.8
1/1/2022,7:20,161.6
1/2/2022,6:45,159.6
1/3/2022,6:30,160.2
1/4/2022,6:30,159.4
1/5/2022,6:10,158.8
1/6/2022,6:20,158.6
1/7/2022,6:20,157.6
1/8/2022,7:00,157.0
1/9/2022,7:00,160.6
1/10/2022,6:20,158.4
1/11/2022,6:10,158.0
1/12/2022,6:00,157.8
1/13/2022,6:00,155.8
1/14/2022,6:30,156.2
1/15/2022,7:15,156.8
1/16/2022,6:50,159.8
1/17/2022,6:00,159.0
1/18/2022,5:30,158.2
1/19/2022,4:00,160.0
1/20/2022,6:30,158.6
1/21/2022,4:30,159.4
1/22/2022,,161.0
1/23/2022,,163.0
1/24/2022,6:30,166.0
1/25/2022,6:15,161.8
1/26/2022,6:35,159.6
1/27/2022,5:00,158.2
1/28/2022,5:45,157.6
1/29/2022,6:15,158.6
1/30/2022,6:10,161.0
1/31/2022,6:00,161.4
2/1/2022,6:00,159.4
2/2/2022,6:30,159.0
2/3/2022,6:15,158.8
2/4/2022,6:00,158.6
2/5/2022,6:30,157.8
2/6/2022,6:00,158.4
2/7/2022,6:15,159.6
2/8/2022,6:15,158.8
2/9/2022,6:15,157.2
2/10/2022,6:15,157.4
2/11/2022,6:15,156.2
2/12/2022,6:30,156.6
2/13/2022,6:35,159.0
2/14/2022,6:30,160.8
2/15/2022,6:30,160.4
2/16/2022,6:30,159.0
2/17/2022,6:15,158.0
2/18/2022,4:00,157.4
2/19/2022,5:00,158.2
2/20/2022,6:15,160.2
2/21/2022,6:30,160.8
2/22/2022,6:15,160.2
2/23/2022,6:15,159.6
2/24/2022,6:15,159.4
2/25/2022,6:15,158.0
2/26/2022,5:30,158.2
2/27/2022,6:15,159.2
2/28/2022,6:00,159.4
3/1/2022,5:50,158.4
3/2/2022,6:00,158.4
3/3/2022,6:00,158.0
3/4/2022,6:00,158.0
3/5/2022,6:15,156.2
3/6/2022,6:30,158.8
3/7/2022,6:30,158.2
3/8/2022,6:10,159.4
3/9/2022,6:00,158.0
3/10/2022,6:15,158.0
3/11/2022,5:15,158.0
3/12/2022,6:00,158.2
3/13/2022,6:20,158.8
3/14/2022,6:40,159.6
3/15/2022,6:00,160.6
3/16/2022,6:30,160.0
3/17/2022,6:00,159.2
3/18/2022,6:15,159.2
3/19/2022,5:45,158.8
3/20/2022,6:45,159.2
3/21/2022,6:30,159.6
3/22/2022,5:45,160.0
3/23/2022,6:15,159.0
3/24/2022,6:00,156.2
3/25/2022,6:10,156.6
3/26/2022,6:45,156.2
3/27/2022,6:00,158.2
3/28/2022,6:25,158.6
3/29/2022,6:30,159.2
3/30/2022,6:00,159.0
3/31/2022,6:20,157.8
4/1/2022,5:55,158.0
4/2/2022,6:15,157.2
4/3/2022,6:20,157.6
4/4/2022,6:15,160.4
4/5/2022,5:45,161.6
4/6/2022,6:10,161.0
4/7/2022,6:00,159.6
4/8/2022,6:00,158.2
4/9/2022,6:20,157.6
4/10/2022,6:20,161.6
4/11/2022,6:05,162.0
4/12/2022,6:15,162.0
4/13/2022,6:15,161.0
4/14/2022,6:00,160.2
4/15/2022,6:15,158.2
4/16/2022,6:00,157.2
4/17/2022,6:20,158.8
4/18/2022,6:15,162.0
4/19/2022,6:05,160.8
4/20/2022,6:15,159.0
4/21/2022,6:30,158.6
4/22/2022,5:40,159.2
4/23/2022,6:40,159.2
4/24/2022,6:40,159.6
4/25/2022,6:15,160.4
4/26/2022,6:20,160.0
4/27/2022,6:40,159.8
4/28/2022,6:30,158.2
4/29/2022,5:45,157.6
4/30/2022,6:45,158.4
5/1/2022,7:10,158.8
5/2/2022,6:30,160.2
5/3/2022,5:45,159.4
5/4/2022,6:15,158.2
5/5/2022,6:20,158.8
5/6/2022,6:15,158.2
5/7/2022,6:25,159.0
5/8/2022,6:15,158.4
5/9/2022,6:15,158.6
5/10/2022,5:45,157.6
5/11/2022,6:20,159.2
5/12/2022,5:45,159.2
5/13/2022,5:45,158.8
5/14/2022,6:15,158.0
5/15/2022,6:40,158.4
5/16/2022,6:30,160.4
5/17/2022,6:15,160.6
5/18/2022,5:30,159.8
5/19/2022,5:45,158.4
5/20/2022,6:15,158.2
5/21/2022,6:00,155.8
5/22/2022,6:15,157.6
5/23/2022,6:00,158.6
5/24/2022,6:00,158.2
5/25/2022,6:15,156.8
5/26/2022,6:00,157.0
5/27/2022,6:15,156.6
5/28/2022,6:30,157.4
5/29/2022,5:15,158.2
5/30/2022,5:45,160.0
5/31/2022,6:00,160.8
6/1/2022,5:45,159.6
6/2/2022,5:40,160.2
6/3/2022,6:20,157.8
6/4/2022,7:00,157.4
6/5/2022,5:30,158.2
6/6/2022,6:15,158.6
6/7/2022,6:30,158.6
6/8/2022,6:15,158.0
6/9/2022,5:45,157.2
6/10/2022,6:15,156.6
6/11/2022,6:30,156.4
6/12/2022,5:30,157.8
6/13/2022,6:15,158.8
6/14/2022,5:45,158.6
6/15/2022,6:00,158.2
6/16/2022,5:50,158.0
6/17/2022,5:30,156.8
6/18/2022,6:15,157.0
6/19/2022,6:45,156.6
6/20/2022,6:15,159.8
6/21/2022,6:15,160.0
6/22/2022,7:00,157.6
6/23/2022,5:00,158.2
6/24/2022,5:30,156.2
6/25/2022,,157.8
6/26/2022,6:45,159.4
6/27/2022,6:00,159.6
6/28/2022,6:05,159.2
6/29/2022,6:15,158.2
6/30/2022,5:00,157.6
7/1/2022,6:00,157.6
7/2/2022,5:00,158.2
7/3/2022,6:45,158.6
7/4/2022,6:30,159.0
7/5/2022,6:25,158.4
7/6/2022,6:10,158.6
7/7/2022,6:30,157.4
7/8/2022,4:30,157.2
7/9/2022,6:15,155.0
7/10/2022,,156.2
7/11/2022,6:15,157.4
7/12/2022,6:00,158.2
7/13/2022,5:30,158.8
7/14/2022,5:15,159.2
7/15/2022,,159.0
7/16/2022,,158.8
7/17/2022,6:15,158.6
7/18/2022,6:30,157.6
7/19/2022,6:15,157.8
7/20/2022,6:00,157.4
7/21/2022,6:00,157.0
7/22/2022,6:15,157.2
7/23/2022,6:00,157.2
7/24/2022,6:20,158.0
7/25/2022,6:00,157.6
7/26/2022,6:25,157.8
7/27/2022,6:15,156.6
7/28/2022,6:00,157.2
7/29/2022,6:00,157.2
7/30/2022,6:30,155.4
7/31/2022,6:45,156.8
8/1/2022,6:20,156.8
8/2/2022,5:00,156.2
8/3/2022,6:00,157.6
8/4/2022,5:45,155.4
8/5/2022,6:15,155.6
8/6/2022,5:25,154.6
8/7/2022,6:25,157.6
8/8/2022,5:30,157.8
8/9/2022,6:10,157.2
8/10/2022,6:30,156.8
8/11/2022,6:00,155.6
8/12/2022,5:15,154.6
8/13/2022,6:00,154.6
8/14/2022,6:15,157.0
8/15/2022,6:15,157.8
8/16/2022,6:00,157.2
8/17/2022,6:15,156.4
8/18/2022,6:00,154.8
8/19/2022,6:00,154.0
8/20/2022,6:05,155.2
8/21/2022,6:00,156.0
8/22/2022,6:30,157.6
8/23/2022,6:15,156.6
8/24/2022,6:00,156.6
8/25/2022,5:45,156.2
8/26/2022,6:15,155.8
8/27/2022,6:30,154.6
8/28/2022,6:15,156.0
8/29/2022,6:15,159.0
8/30/2022,6:10,158.8
8/31/2022,6:25,158.0
9/1/2022,5:45,156.4
9/2/2022,4:45,156.8
9/3/2022,7:00,154.8
9/4/2022,6:15,158.0
9/5/2022,7:15,161.6
9/6/2022,6:00,163.4
9/7/2022,6:30,160.0
9/8/2022,5:45,158.0
9/9/2022,6:10,156.0
9/10/2022,6:40,156.8
9/11/2022,6:45,155.2
9/12/2022,6:40,155.4
9/13/2022,6:10,155.4
9/14/2022,6:00,155.8
9/15/2022,5:40,154.8
9/16/2022,6:00,154.8
9/17/2022,6:40,154.8
9/18/2022,6:15,155.2
9/19/2022,6:45,159.2
9/20/2022,4:30,159.8
9/21/2022,6:00,160.6
9/22/2022,5:45,158.4
9/23/2022,6:30,157.2
9/24/2022,,158.2
9/25/2022,6:30,159.4
9/26/2022,6:00,158.8
9/27/2022,6:10,157.6
9/28/2022,6:15,156.2
9/29/2022,6:15,155.6
9/30/2022,6:30,153.8
10/1/2022,5:50,156.2
10/2/2022,6:15,158.0
10/3/2022,6:30,158.6
10/4/2022,6:15,158.6
10/5/2022,6:00,158.8
10/6/2022,6:45,156.6
10/7/2022,,157.2
10/8/2022,,158.0
10/9/2022,,158.8
10/10/2022,,159.6
10/11/2022,,160.6
10/12/2022,6:00,161.2
10/13/2022,6:15,159.6
10/14/2022,6:20,157.8
10/15/2022,6:00,158.2
10/16/2022,7:00,158.8
10/17/2022,6:15,159.2
10/18/2022,6:15,158.6
10/19/2022,6:15,158.0
10/20/2022,5:40,158.0
10/21/2022,6:00,156.4
10/22/2022,5:30,157.4
10/23/2022,5:45,157.4
10/24/2022,5:45,157.8
10/25/2022,6:00,158.8
10/26/2022,6:15,157.6
10/27/2022,5:40,156.6
10/28/2022,5:45,155.2
10/29/2022,6:15,157.2
10/30/2022,6:15,156.8
10/31/2022,6:15,156.8
11/1/2022,5:40,157.2
11/2/2022,5:15,157.4
11/3/2022,5:30,156.6
11/4/2022,6:00,156.0
11/5/2022,6:00,156.8
11/6/2022,6:00,156.8
11/7/2022,5:40,157.6
11/8/2022,4:50,158.4
11/9/2022,5:30,156.8
11/10/2022,5:40,155.6
11/11/2022,5:45,155.6
11/12/2022,6:00,155.2
11/13/2022,6:00,156.0
11/14/2022,5:40,156.6
11/15/2022,5:30,158.0
11/16/2022,5:15,157.4
11/17/2022,6:00,156.6
11/18/2022,6:00,157.6
11/19/2022,6:15,156.2
11/20/2022,6:30,158.8
11/21/2022,6:15,158.4
11/22/2022,6:00,158.8
11/23/2022,6:20,156.2
11/24/2022,6:45,157.2
11/25/2022,6:30,159.8
11/26/2022,4:45,163.8
11/27/2022,6:25,162.4
11/28/2022,6:15,159.2
11/29/2022,5:15,159.0
11/30/2022,6:10,157.8
12/1/2022,6:00,158.0
12/2/2022,5:25,159.0
12/3/2022,6:15,157.6
12/4/2022,6:10,159.8
12/5/2022,6:15,160.0
12/6/2022,5:10,159.4
12/7/2022,6:00,160.4
12/8/2022,5:15,159.4
12/9/2022,6:00,158.6
12/10/2022,6:00,158.2
12/11/2022,5:45,159.0
12/12/2022,6:00,158.6
12/13/2022,6:20,160.0
12/14/2022,5:30,159.6
12/15/2022,5:45,159.2
12/16/2022,5:45,159.6
12/17/2022,5:30,159.6
12/18/2022,5:15,160.6
12/19/2022,5:45,161.4
12/20/2022,5:00,161.0
12/21/2022,5:15,162.0
12/22/2022,6:00,159.0
12/23/2022,6:00,159.4
12/24/2022,7:00,158.6
12/25/2022,6:00,162.4
12/26/2022,7:00,162.4
12/27/2022,6:50,161.4
12/28/2022,6:30,162.2
12/29/2022,6:30,161.6
12/30/2022,7:00,163.0
12/31/2022,7:30,165.0
1/1/2023,7:30,166.0
1/2/2023,6:30,165.6
1/3/2023,6:30,165.0
1/4/2023,6:30,162.4
1/5/2023,6:00,162.8
1/6/2023,6:15,163.0
1/7/2023,6:30,162.4
1/8/2023,6:15,163.4
1/9/2023,6:30,162.0
1/10/2023,5:15,161.6
1/11/2023,6:00,162.4
1/12/2023,6:15,161.2
1/13/2023,6:25,161.0
1/14/2023,6:45,162.4
1/15/2023,6:45,162.0
1/16/2023,6:25,163.2
1/17/2023,,162.6
1/18/2023,,162.0
1/19/2023,,161.4
1/20/2023,6:00,160.8
1/21/2023,6:30,161.0
1/22/2023,5:50,162.2
1/23/2023,6:10,160.8
1/24/2022,5:00,161.4
1/25/2023,6:10,161.8
1/26/2023,6:10,161.6
1/27/2023,6:00,160.0
1/28/2023,5:30,160.2
1/29/2023,6:00,160.8
1/30/2023,6:00,161.4
1/31/2023,5:00,162.2
2/1/2023,5:30,159.6
2/2/2023,5:45,160.2
2/3/2023,,161.4
2/4/2023,,162.2
2/5/2023,,163.4
2/6/2023,,165.0
2/7/2023,5:45,166.2
2/8/2023,5:15,163.0
2/9/2023,5:45,161.8
2/10/2023,5:45,161.8
2/11/2023,5:45,161.4
2/12/2023,5:15,163.4
2/13/2023,6:15,164.8
2/14/2023,5:45,162.8
2/15/2023,6:15,163.0
2/16/2023,6:10,163.0
2/17/2023,4:50,160.8
2/18/2023,6:15,160.8
2/19/2023,6:15,162.8
2/20/2023,6:30,163.8
2/21/2023,5:45,162.0
2/22/2023,6:00,161.6
2/23/2023,6:00,161.0
2/24/2023,5:00,160.2
2/25/2023,6:15,160.6
2/26/2023,6:20,162.6
2/27/2023,6:00,162.8
2/28/2023,5:00,163.0
3/1/2023,5:35,162.0
3/2/2023,6:20,161.2
3/3/2023,5:35,160.8
3/4/2023,6:15,160.4
3/5/2023,6:20,161.0
3/6/2023,4:45,163.0
3/7/2023,5:55,162.4
3/8/2023,6:15,162.0
3/9/2023,5:45,161.8
3/10/2023,5:45,162.0
3/11/2023,6:15,160.0
3/12/2023,6:30,161.0
3/13/2023,6:45,162.6
3/14/2023,5:45,161.6
3/15/2023,6:00,162.2
3/16/2023,6:00,160.4
3/17/2023,6:00,160.6
3/18/2023,6:00,159.0
3/19/2023,6:30,162.2
3/20/2023,6:30,163.2
3/21/2023,6:00,163.0
3/22/2023,6:00,162.2
3/23/2023,5:15,161.6
3/24/2023,6:10,161.0
3/25/2023,6:15,158.6
3/26/2023,6:15,160.0
3/27/2023,6:30,161.2
3/28/2023,6:15,162.0
3/29/2023,6:15,160.6
3/30/2023,6:00,160.8
3/31/2023,6:30,159.6
4/1/2023,6:15,159.2
4/2/2023,6:15,162.8
4/3/2023,6:00,162.2
4/4/2023,6:00,163.4
4/5/2023,6:00,162.4
4/6/2023,5:15,162.0
4/7/2023,5:20,160.8
4/8/2023,6:00,159.6
4/9/2023,5:45,161.8
4/10/2023,5:00,162.2
4/11/2023,5:00,163.2
4/12/2023,5:30,160.8
4/13/2023,5:30,159.8
4/14/2023,5:15,159.6
4/15/2023,5:00,161.0
4/16/2023,6:30,160.4
4/17/2023,6:10,162.0
4/18/2023,6:10,161.2
4/19/2023,6:00,161.8
4/20/2023,6:40,161.6
4/21/2023,6:00,159.0
4/22/2023,6:00,159.6
4/23/2023,6:15,162.0
4/24/2023,6:00,161.6
4/25/2023,6:10,161.4
4/26/2023,6:15,159.6
4/27/2023,6:15,159.2
4/28/2023,6:00,159.2
4/29/2023,6:30,158.8
4/30/2023,6:15,158.8
5/1/2023,5:30,161.8
5/2/2023,6:00,161.2
5/3/2023,6:00,161.0
5/4/2023,6:00,160.6
5/5/2023,5:30,158.0
5/6/2023,5:30,156.8
5/7/2023,5:50,158.2
5/8/2023,6:00,158.2
5/9/2023,5:30,160.8
5/10/2023,5:30,159.8
5/11/2023,5:45,158.8
5/12/2023,5:15,160.0
5/13/2023,5:15,161.2
5/14/2023,5:00,160.0
5/15/2023,5:00,161.8
5/16/2023,5:00,159.0
5/17/2023,5:15,159.0
5/18/2023,5:15,158.4
5/19/2023,5:05,157.8
5/20/2023,6:15,158.6
5/21/2023,,161.0
5/22/2023,6:00,163.2
5/23/2023,5:20,162.2
5/24/2023,5:40,161.4
5/25/2023,5:30,158.8
5/26/2023,6:00,159.6
5/27/2023,6:00,157.8
5/28/2023,5:00,160.0
5/29/2023,5:30,161.6
5/30/2023,5:15,161.0
5/31/2023,5:10,161.2
6/1/2023,5:45,159.2
6/2/2023,5:15,158.2
6/3/2023,5:00,156.2
6/4/2023,5:15,157.6
6/5/2023,5:15,157.0
6/6/2023,5:30,159.8
6/7/2023,5:30,159.6
6/8/2023,5:30,157.6
6/9/2023,5:30,156.6
6/10/2023,5:30,155.6
6/11/2023,5:25,156.8
6/12/2023,5:15,159.2
6/13/2023,5:30,159.4
6/14/2023,5:20,156.6
6/15/2023,5:30,156.2
6/16/2023,5:50,155.8
6/17/2023,5:40,156.4
6/18/2023,6:15,156.8
6/19/2023,5:30,157.2
6/20/2023,5:30,157.2
6/21/2023,5:15,156.0
6/22/2023,5:15,156.4
6/23/2023,5:25,155.8
6/24/2023,6:00,155.0
6/25/2023,5:15,157.4
6/26/2023,4:45,159.4
6/27/2023,5:30,159.6
6/28/2023,5:20,158.6
6/29/2023,5:30,157.4
6/30/2023,5:40,157.4
7/1/2023,5:00,156.8
7/2/2023,5:45,158.4
7/3/2023,5:45,156.0
7/4/2023,5:45,157.4
7/5/2023,5:15,157.6
7/6/2023,5:30,157.8
7/7/2023,6:00,155.6
7/8/2023,5:40,154.6
7/9/2023,5:40,155.6
7/10/2023,6:30,155.8
7/11/2023,5:40,156.0
7/12/2023,6:00,155.6
7/13/2023,5:40,155.6
7/14/2023,5:00,154.8
7/15/2023,,156.8
7/16/2023,,158.0
7/17/2023,5:00,159.6
7/18/2023,5:15,156.6
7/19/2023,5:35,157.0
7/20/2023,5:40,156.2
7/21/2023,5:30,155.6
7/22/2023,5:30,155.0
7/23/2023,5:45,156.6
7/24/2023,6:00,156.0
7/25/2023,5:30,156.6
7/26/2023,5:20,156.2
7/27/2023,5:25,155.6
7/28/2023,5:30,156.2
7/29/2023,5:30,154.4
7/30/2023,5:45,156.6
7/31/2023,6:00,157.0
8/1/2023,6:00,158.2
8/2/2023,5:45,158.6
8/3/2023,5:40,156.6
8/4/2023,5:30,157.6
8/5/2023,6:00,154.8
8/6/2023,6:00,158.8
8/7/2023,6:00,159.4
8/8/2023,5:55,157.0
8/9/2023,5:50,156.0
8/10/2023,5:45,155.4
8/11/2023,6:30,156.4
8/12/2023,5:30,155.6
8/13/2023,5:30,156.6
8/14/2023,5:30,158.4
8/15/2023,5:45,159.0
8/16/2023,6:00,157.2
8/17/2023,6:00,155.4
8/18/2023,5:45,156.8
8/19/2023,6:00,155.4
8/20/2023,6:30,156.2
8/21/2023,6:00,155.8
8/22/2023,5:50,155.6
8/23/2023,6:00,154.6
8/24/2023,6:00,155.2
8/25/2023,6:00,156.2
8/26/2023,6:00,155.8
8/27/2023,6:20,156.0
8/28/2023,6:00,155.2
8/29/2023,5:50,155.6
8/30/2023,6:00,156.0
8/31/2023,6:00,154.8
9/1/2023,6:00,156.4
9/2/2023,5:30,155.2
9/3/2023,,158.0
9/4/2023,6:20,160.8
9/5/2023,6:00,160.6
9/6/2023,6:00,158.8
9/7/2023,6:00,157.4
9/8/2023,6:15,157.0
9/9/2023,,157.6
9/10/2023,6:40,158.4
9/11/2023,6:00,157.2
9/12/2023,6:00,158.8
9/13/2023,6:00,156.6
9/14/2023,6:00,156.6
9/15/2023,6:00,157.0
9/16/2023,6:30,157.2
9/17/2023,6:00,157.8
9/18/2023,5:30,158.8
9/19/2023,6:15,158.6
9/20/2023,5:50,157.2
9/21/2023,5:30,156.2
9/22/2023,5:50,156.0
9/23/2023,6:00,156.8
9/24/2023,,158.0
9/25/2023,6:15,159.4
9/26/2023,6:00,158.6
9/27/2023,6:15,158.0
9/28/2023,6:00,157.6
9/29/2023,6:00,157.8
9/30/2023,7:00,155.4
10/1/2023,6:00,156.8
10/2/2023,6:00,157.8
10/3/2023,6:00,157.8
10/4/2023,6:00,157.2
10/5/2023,6:00,155.6
10/6/2023,5:30,156.8
10/7/2023,4:45,156.0
10/8/2023,6:20,156.6
10/9/2023,6:45,157.2
10/10/2023,6:00,157.0
10/11/2023,5:45,157.4
10/12/2023,6:00,156.6
10/13/2023,6:45,155.4
10/14/2023,6:20,154.4
10/15/2023,6:15,154.4
10/16/2023,6:15,156.4
10/17/2023,5:40,157.2
10/18/2023,6:00,158.4
10/19/2023,5:30,156.4
10/20/2023,5:00,156.2
10/21/2023,6:30,154.6
10/22/2023,6:00,158.2
10/23/2023,6:00,159.2
10/24/2023,6:00,158.4
10/25/2023,6:00,157.8
10/26/2023,6:00,156.2
10/27/2023,6:10,157.0
10/28/2023,6:40,155.6
10/29/2023,6:10,156.8
10/30/2023,6:00,156.2
10/31/2023,6:15,156.0
11/1/2023,6:00,156.6
11/2/2023,6:10,157.0
11/3/2023,6:00,159.4
11/4/2023,7:30,157.0
11/5/2023,6:15,157.8
11/6/2023,6:00,158.8
11/7/2023,5:30,158.4
11/8/2023,6:00,157.0
11/9/2023,5:45,156.8
11/10/2023,6:20,157.4
11/11/2023,6:15,155.8
11/12/2023,6:30,158.6
11/13/2023,6:00,158.8
11/14/2023,6:00,158.0
11/15/2023,6:10,159.2
11/16/2023,6:00,157.4
11/17/2023,5:50,159.2
11/18/2023,6:20,157.6
11/19/2023,7:00,159.0
11/20/2023,5:15,158.4
11/21/2023,5:45,159.0
11/22/2023,5:45,158.8
11/23/2023,6:45,159.2
11/24/2023,6:45,162.0
11/25/2023,6:40,160.6
11/26/2023,6:45,159.4
11/27/2023,6:00,159.0
11/28/2023,6:00,156.4
11/29/2023,6:00,156.6
11/30/2023,6:15,156.0
12/1/2023,6:00,156.8
12/2/2023,6:30,155.8
12/3/2023,6:45,159.8
12/4/2023,6:45,157.0
12/5/2023,6:15,156.2
12/6/2023,6:30,154.2
12/7/2023,6:00,155.8
12/8/2023,4:00,155.4
12/9/2023,6:15,155.8
12/10/2023,6:15,157.2
12/11/2023,6:45,158.2
12/12/2023,6:00,157.8
12/13/2023,6:00,157.2
12/14/2023,6:00,156.0
12/15/2023,6:00,156.2
12/16/2023,6:30,156.2
12/17/2023,7:15,158.2
12/18/2023,6:30,158.8
12/19/2023,6:00,158.0
12/20/2023,6:00,156.0
12/21/2023,5:15,154.8
12/22/2023,6:00,155.8
12/23/2023,5:00,155.4
12/24/2023,6:15,159.4
12/25/2023,6:15,159.8
12/26/2023,6:20,159.6
12/27/2023,6:45,158.8
12/28/2023,7:00,159.0
12/29/2023,6:45,158.2
12/30/2023,6:30,159.2
12/31/2023,6:45,158.2
1/1/2024,6:15,161.2
1/2/2024,6:40,160.8
1/3/2024,6:45,161.0
1/4/2024,6:00,159.2
1/5/2024,6:15,159.0
1/6/2024,6:30,158.0
1/7/2024,6:30,158.8
1/8/2024,6:00,159.6
1/9/2024,4:20,162.2
1/10/2024,6:00,159.0
1/11/2024,6:00,158.6
1/12/2024,5:30,158.4
1/13/2024,6:00,156.6
1/14/2024,6:00,157.2
1/15/2024,6:00,159.8
1/16/2024,4:15,160.0
1/17/2024,6:00,159.6
1/18/2024,6:00,158.6
1/19/2024,5:45,159.4
1/20/2024,6:15,158.4
1/21/2024,6:40,161.4
1/22/2024,6:15,159.8
1/23/2024,4:15,160.8
1/24/2024,6:00,161.0
1/25/2024,6:00,159.2
1/26/2024,6:00,161.0
1/27/2024,6:15,161.8
1/28/2024,6:45,159.8
1/29/2024,6:20,163.0
1/30/2024,6:00,163.0
1/31/2024,6:00,162.6
2/1/2024,6:10,160.0
2/2/2024,6:00,159.8
2/3/2024,6:00,158.4
2/4/2024,5:30,159.2
2/5/2024,6:00,159.8
2/6/2024,,160.0
2/7/2024,,160.0
2/8/2024,6:00,160.0
2/9/2024,6:10,161.8
2/10/2024,6:15,158.8
2/11/2024,6:30,160.2
2/12/2024,6:20,164.6
2/13/2024,6:00,164.0
2/14/2024,5:15,162.0
2/15/2024,5:45,161.2
2/16/2024,5:30,160.2
2/17/2024,6:20,158.8
2/18/2024,6:15,159.6
2/19/2024,6:15,161.0
2/20/2024,6:00,160.8
2/21/2024,6:00,161.4
2/22/2024,6:00,160.2
2/23/2024,6:00,160.4
2/24/2024,6:20,159.0
2/25/2024,6:00,161.2
2/26/2024,6:00,161.2
2/27/2024,5:00,160.0
2/28/2024,6:00,161.0
2/29/2024,6:00,157.4
3/1/2024,6:00,158.6
3/2/2024,5:50,157.8
3/3/2024,6:15,157.8
3/4/2024,6:00,158.8
3/5/2024,5:30,158.2
3/6/2024,5:55,159.2
3/7/2024,6:00,159.2
3/8/2024,6:00,159.2
3/9/2024,6:00,158.6
3/10/2024,6:45,158.6
3/11/2024,6:25,159.6
3/12/2024,6:00,158.6
3/13/2024,6:00,160.0
3/14/2024,6:00,157.6
3/15/2024,6:10,158.2
3/16/2024,6:00,157.8
3/17/2024,6:45,158.8
3/18/2024,6:20,161.2
3/19/2024,6:20,162.2
3/20/2024,6:00,161.0
3/21/2024,6:00,160.8
3/22/2024,5:15,161.0
3/23/2024,4:00,160.8
3/24/2024,6:15,163.4
3/25/2024,6:00,162.4
3/26/2024,6:00,161.8
3/27/2024,6:30,163.4
3/28/2024,6:15,161.8
3/29/2024,6:15,161.6
3/30/2024,6:15,161.4
3/31/2024,6:30,164.4
4/1/2024,6:15,164.8
4/2/2024,6:00,163.2
4/3/2024,5:30,160.6
4/4/2024,6:00,160.0
4/5/2024,6:15,158.6
4/6/2024,6:30,159.4
4/7/2024,7:00,159.8
4/8/2024,6:00,161.8
4/9/2024,6:00,160.6
4/10/2024,5:20,162.0
4/11/2024,6:00,160.6
4/12/2024,6:00,160.6
4/13/2024,6:15,157.8
4/14/2025,6:00,158.0
4/15/2024,6:00,159.0
4/16/2024,6:00,159.2
4/17/2024,5:00,159.8
4/18/2024,6:00,159.2
4/19/2024,5:45,158.8
4/20/2024,6:15,158.4
4/21/2024,5:15,159.2
4/22/2024,6:00,160.4
4/23/2024,5:45,159.4
4/24/2024,5:20,159.2
4/25/24,6:00,159.6
4/26/2024,6:10,157.6
4/27/2024,6:20,156.4
4/28/2024,6:00,157.2
4/29/2024,6:00,158.4
4/30/2024,5:45,157.2
5/1/2024,5:15,157.2
5/2/2024,6:00,158.8
5/3/2024,6:30,154.0
5/4/2024,6:30,159.0
5/5/2024,6:15,158.2
5/6/2024,6:00,158.0
5/7/2024,5:50,159.4
5/8/2024,5:15,159.0
5/9/2024,6:00,158.4
5/10/2024,6:00,158.4
5/11/2024,6:00,155.8
5/12/2024,4:45,159.6
5/13/2024,6:00,157.0
5/14/2024,5:30,157.6
5/15/2024,5:00,157.8
5/16/2024,5:15,155.6
5/17/2024,5:30,154.4
5/18/2024,6:10,153.0
5/19/2024,3:00,155.4
5/20/2024,,158.0
5/21/2024,,161.0
5/22/2024,7:00,164.6
5/23/2024,6:30,163.2
5/24/2024,6:00,160.2
5/25/2024,6:15,160.8
5/26/2024,5:00,161.4
5/27/2024,6:00,159.8
5/28/2024,6:00,160.8
5/29/2024,5:00,163.2
5/30/2024,6:00,161.8
5/31/2024,5:45,159.8
6/1/2024,5:45,157.2
6/2/2024,6:15,160.8
6/3/2024,6:00,160.8
6/4/2024,6:00,159.0
6/5/2024,5:00,160.2
6/6/2024,6:00,159.6
6/7/2024,5:00,157.8
6/8/2024,7:15,157.0
6/9/2024,5:45,159.6
6/10/2024,5:45,159.8
6/11/2024,6:00,158.6
6/12/2024,5:00,159.4
6/13/2024,6:00,158.4
6/14/2024,6:15,157.4
6/15/2024,6:45,157.0
6/16/2024,5:45,159.0
6/17/2024,5:45,161.6
6/18/2024,5:45,162.0
6/19/2024,6:00,163.2
6/20/2024,4:00,161.6
6/21/2024,6:15,161.2
6/22/2024,6:15,158.4
6/23/2024,6:15,160.0
6/24/2024,6:45,160.0
6/25/2024,5:45,160.0
6/26/2024,5:00,161.0
6/27/2024,6:00,159.8
6/28/2024,6:15,160.6
6/29/2024,5:45,157.6
6/30/2024,5:45,159.6
7/1/2024,6:00,160.0
7/2/2024,5:45,160.6
7/3/2024,5:00,161.6
7/4/2024,5:00,160.6
7/5/2024,6:15,160.4
7/6/2024,6:25,159.4
7/7/2024,6:15,160.6
7/8/2024,6:15,160.0
7/9/2024,5:45,161.0
7/10/2024,4:45,162.4
7/11/2024,6:00,160.2
7/12/2024,5:50,159.2
7/13/2024,5:45,158.8
7/14/2024,5:25,158.2
7/15/2024,5:45,159.2
7/16/2024,5:30,159.6
7/17/2024,4:45,160.4
7/18/2024,6:15,158.8
7/19/2024,6:15,159.0
7/20/2024,6:15,157.0
7/21/2024,6:30,158.4
7/22/2024,6:30,158.2
7/23/2024,5:45,159.2
7/24/2024,4:45,159.6
7/25/2024,6:25,157.6
7/26/2024,6:15,156.6
7/27/2024,6:15,155.8
7/28/2024,6:20,158.8
7/29/2024,6:15,159.8
7/30/2024,5:45,159.6
7/31/2024,4:45,161.8
8/1/2024,6:00,159.8
8/2/2024,,159.6
8/3/2024,,159.4
8/4/2024,,159.2
8/5/2024,6:30,158.8
8/6/2024,5:45,159.0
8/7/2024,4:45,160.0
8/8/2024,6:15,161.2
8/9/2024,5:45,160.4
8/10/2024,6:20,159.2
8/11/2024,6:30,160.0
8/12/2024,6:30,162.4
8/13/2024,6:00,160.4
8/14/2024,4:45,161.0
8/15/2024,6:30,161.0
8/16/2024,6:00,160.4
8/17/2024,,161.4
8/18/2024,,162.4
8/19/2024,6:30,163.2
8/20/2024,5:45,161.0
8/21/2024,6:15,160.6
8/22/2024,6:20,160.8
8/23/2024,6:30,161.4
8/24/2024,6:25,160.4
8/25/2024,7:00,160.4
8/26/2024,6:15,161.0
8/27/2024,5:45,159.0
8/28/2024,6:15,159.0
8/29/2024,6:00,159.2
8/30/2024,6:30,159.2
8/31/2024,6:00,159.2
9/1/2024,6:30,158.8
9/2/2024,6:15,160.8
9/3/2024,5:45,162.2
9/4/2024,6:15,161.4
9/5/2024,6:15,159.8
9/6/2024,5:15,161.0
9/7/2024,6:15,159.2
9/8/2024,6:15,161.4
9/9/2024,6:30,164.0
9/10/2024,6:30,161.6
9/11/2024,6:00,161.6
9/12/2024,5:30,160.4
9/13/2024,,159.6
9/14/2024,6:30,159.0
9/15/2024,6:15,161.4
9/16/2024,6:30,161.0
9/17/2024,6:30,162.0
9/18/2024,6:45,161.4
9/19/2024,5:45,161.2
9/20/2024,5:45,159.8
9/21/2024,6:30,160.0
9/22/2024,6:45,162.0
9/23/2024,6:15,163.0
9/24/2024,5:45,159.0
9/25/2024,,158.8
9/26/2024,,158.4
9/27/2024,6:00,158.2
9/28/2024,6:45,157.8